skip,unit_shunt,c_time,reset,kfres,vovcm,vovcmf,vovcn,vovcnf,iscm,ibmf,ibmkf,iscn,ibnf,ibnkf,  dtm, xp0m,xp1m, x0m,x1m,  Fx00m,Fx01m,Fx10m,Fx11m,  Pp00m,Pp01m,Pp10m,Pp11m,  P00m,P01m,P10m,P11m,  Q00m,Q01m,Q10m,Q11m,  G0m,G1m,  H0m,H1m,  K0m,K1m,  Sm, um, ym,  dtn, xp0n,xp1n, x0n,x1n,  Fx00n,Fx01n,Fx10n,Fx11n,  Pp00n,Pp01n,Pp10n,Pp11n,  P00n,P01n,P10n,P11n,  Q00n,Q01n,Q10n,Q11n,  G0n,G1n,  H0n,H1n,  K0n,K1n,  Sn, un, yn,  
 0,shunt_unit,1766352166.2100, 0, 0,     0.072510,   0.070584,   0.012085,   0.006408,   0.958687,   0.896149,   0.935350,   3.564477,   2.637242,   2.876520,  0.1000,    0.070569,  0.000437,  0.070584,  0.000437,   1.0,0.1000, 0.0, 1.0,   7.639407e-05, 2.908057e-06, 2.908057e-06, 2.196604e-07,  7.581489e-05, 2.886009e-06, 2.886009e-06, 2.188212e-07,   2.250000e-12, 4.500000e-11, 4.500000e-11, 9.000000e-10,   0.005000, 0.100000,   1.0, 0.0,    0.007581,  0.000289,    0.010076,    0.072510,   0.001940,  0.1000,    0.006365,  0.000074,  0.006408,  0.000075,   1.0,0.1000, 0.0, 1.0,   7.639223e-05, 2.908023e-06, 2.908023e-06, 2.196601e-07,  7.581308e-05, 2.885976e-06, 2.885976e-06, 2.188209e-07,   2.250000e-12, 4.500000e-11, 4.500000e-11, 9.000000e-10,   0.005000, 0.100000,   1.0, 0.0,    0.007581,  0.000289,    0.010076,    0.012085,   0.005720,  
 0,shunt_unit,1766352167.8740, 0, 0,     0.062036,   0.071232,   0.000000,   0.006477,   0.831764,   0.896120,   0.943203,   2.100000,   2.638541,   2.884945,  1.6630,    0.071311,  0.000437,  0.071232,  0.000434,   1.0,1.6630, 0.0, 1.0,   8.619101e-05, 3.456870e-06, 3.456870e-06, 4.677224e-07,  8.545447e-05, 3.427330e-06, 3.427330e-06, 4.665376e-07,   1.720884e-07, 2.069614e-07, 2.069614e-07, 2.489012e-07,   1.382785, 1.663000,   1.0, 0.0,    0.008545,  0.000343,    0.010086,    0.062036,  -0.009275,  1.6640,    0.006533,  0.000075,  0.006477,  0.000073,   1.0,1.6640, 0.0, 1.0,   8.619600e-05, 3.457429e-06, 3.457429e-06, 4.680215e-07,  8.545937e-05, 3.427882e-06, 3.427882e-06, 4.668364e-07,   1.725027e-07, 2.073349e-07, 2.073349e-07, 2.492006e-07,   1.384448, 1.664000,   1.0, 0.0,    0.008546,  0.000343,    0.010086,    0.000000,  -0.006533,  
 0,shunt_unit,1766352168.6470, 0, 0,     0.058813,   0.071453,   0.045117,   0.006882,   0.792712,   0.867114,   0.945876,   7.567377,   2.676291,   2.933977,  0.7730,    0.071568,  0.000434,  0.071453,  0.000429,   1.0,0.7730, 0.0, 1.0,   9.103992e-05, 3.808748e-06, 3.808748e-06, 5.203152e-07,  9.021857e-05, 3.774386e-06, 3.774386e-06, 5.188776e-07,   8.033420e-09, 2.078505e-08, 2.078505e-08, 5.377761e-08,   0.298764, 0.773000,   1.0, 0.0,    0.009022,  0.000377,    0.010091,    0.058813,  -0.012754,  0.7730,    0.006534,  0.000073,  0.006882,  0.000088,   1.0,0.7730, 0.0, 1.0,   9.104586e-05, 3.809532e-06, 3.809532e-06, 5.206140e-07,  9.022441e-05, 3.775161e-06, 3.775161e-06, 5.191758e-07,   8.033420e-09, 2.078505e-08, 2.078505e-08, 5.377761e-08,   0.298764, 0.773000,   1.0, 0.0,    0.009022,  0.000378,    0.010091,    0.045117,   0.038583,  
 0,shunt_unit,1766352169.4190, 0, 0,     0.042700,   0.071506,   0.027393,   0.007145,   0.597448,   0.836331,   0.946528,   5.419488,   2.751750,   2.965823,  0.7720,    0.071784,  0.000429,  0.071506,  0.000417,   1.0,0.7720, 0.0, 1.0,   9.636346e-05, 4.195664e-06, 4.195664e-06, 5.725162e-07,  9.544373e-05, 4.155619e-06, 4.155619e-06, 5.707726e-07,   7.991931e-09, 2.070448e-08, 2.070448e-08, 5.363856e-08,   0.297992, 0.772000,   1.0, 0.0,    0.009544,  0.000416,    0.010096,    0.042700,  -0.029084,  0.7720,    0.006950,  0.000088,  0.007145,  0.000096,   1.0,0.7720, 0.0, 1.0,   9.637067e-05, 4.196669e-06, 4.196669e-06, 5.728144e-07,  9.545080e-05, 4.156611e-06, 4.156611e-06, 5.710700e-07,   7.991931e-09, 2.070448e-08, 2.070448e-08, 5.363856e-08,   0.297992, 0.772000,   1.0, 0.0,    0.009545,  0.000416,    0.010096,    0.027393,   0.020443,  
 0,shunt_unit,1766352170.2010, 0, 0,     0.012085,   0.071228,   0.011279,   0.007261,   0.226448,   0.760798,   0.943151,   3.466851,   2.818877,   2.979917,  0.7820,    0.071833,  0.000417,  0.071228,  0.000390,   1.0,0.7820, 0.0, 1.0,   1.023006e-04, 4.623483e-06, 4.623483e-06, 6.258098e-07,  1.012646e-04, 4.576663e-06, 4.576663e-06, 6.236938e-07,   8.414136e-09, 2.151953e-08, 2.151953e-08, 5.503716e-08,   0.305762, 0.782000,   1.0, 0.0,    0.010126,  0.000458,    0.010102,    0.012085,  -0.059748,  0.7820,    0.007220,  0.000096,  0.007261,  0.000098,   1.0,0.7820, 0.0, 1.0,   1.023094e-04, 4.624707e-06, 4.624707e-06, 6.261072e-07,  1.012733e-04, 4.577872e-06, 4.577872e-06, 6.239900e-07,   8.414136e-09, 2.151953e-08, 2.151953e-08, 5.503716e-08,   0.305762, 0.782000,   1.0, 0.0,    0.010127,  0.000458,    0.010102,    0.011279,   0.004059,  
 0,shunt_unit,1766352170.9740, 0, 0,     0.055591,   0.071358,  -0.014502,   0.007102,   0.753659,   0.714244,   0.944726,   0.342630,   2.854075,   2.960633,  0.7730,    0.071529,  0.000390,  0.071358,  0.000382,   1.0,0.7730, 0.0, 1.0,   1.087209e-04, 5.079564e-06, 5.079564e-06, 6.774714e-07,  1.075516e-04, 5.024932e-06, 5.024932e-06, 6.749189e-07,   8.033420e-09, 2.078505e-08, 2.078505e-08, 5.377761e-08,   0.298764, 0.773000,   1.0, 0.0,    0.010755,  0.000502,    0.010109,    0.055591,  -0.015938,  0.7730,    0.007337,  0.000098,  0.007102,  0.000087,   1.0,0.7730, 0.0, 1.0,   1.087315e-04, 5.081001e-06, 5.081001e-06, 6.777676e-07,  1.075620e-04, 5.026349e-06, 5.026349e-06, 6.752137e-07,   8.033420e-09, 2.078505e-08, 2.078505e-08, 5.377761e-08,   0.298764, 0.773000,   1.0, 0.0,    0.010756,  0.000503,    0.010109,   -0.014502,  -0.021839,  
 0,shunt_unit,1766352171.7480, 0, 0,     0.057202,   0.071488,   0.011279,   0.007216,   0.773185,   0.722941,   0.946305,   3.466851,   2.876622,   2.974495,  0.7740,    0.071653,  0.000382,  0.071488,  0.000374,   1.0,0.7740, 0.0, 1.0,   1.157426e-04, 5.568185e-06, 5.568185e-06, 7.288358e-07,  1.144182e-04, 5.504475e-06, 5.504475e-06, 7.257708e-07,   8.075071e-09, 2.086582e-08, 2.086582e-08, 5.391684e-08,   0.299538, 0.774000,   1.0, 0.0,    0.011442,  0.000550,    0.010116,    0.057202,  -0.014451,  0.7740,    0.007169,  0.000087,  0.007216,  0.000089,   1.0,0.7740, 0.0, 1.0,   1.157554e-04, 5.569830e-06, 5.569830e-06, 7.291306e-07,  1.144308e-04, 5.506094e-06, 5.506094e-06, 7.260638e-07,   8.075071e-09, 2.086582e-08, 2.086582e-08, 5.391684e-08,   0.299538, 0.774000,   1.0, 0.0,    0.011443,  0.000551,    0.010116,    0.011279,   0.004110,  
 0,shunt_unit,1766352172.5330, 0, 1,     0.066870,   0.066870,   0.007251,   0.007251,   0.890344,   0.742419,   0.890344,   2.978692,   2.978692,   2.978692,  0.7860,    0.066870,  0.000000,  0.066870,  0.000000,   1.0,0.7860, 0.0, 1.0,   0.000000e+00, 0.000000e+00, 0.000000e+00, 0.000000e+00,  0.000000e+00, 0.000000e+00, 0.000000e+00, 0.000000e+00,   0.000000e+00, 0.000000e+00, 0.000000e+00, 0.000000e+00,   0.299538, 0.774000,   1.0, 0.0,    0.000000,  0.000000,    0.010000,    0.066870,   0.000000,  0.7850,    0.007251,  0.000000,  0.007251,  0.000000,   1.0,0.7850, 0.0, 1.0,   0.000000e+00, 0.000000e+00, 0.000000e+00, 0.000000e+00,  0.000000e+00, 0.000000e+00, 0.000000e+00, 0.000000e+00,   0.000000e+00, 0.000000e+00, 0.000000e+00, 0.000000e+00,   0.299538, 0.774000,   1.0, 0.0,    0.000000,  0.000000,    0.010000,    0.007251,   0.000000,  
 0,shunt_unit,1766352173.2970, 0, 0,     0.070093,   0.066870,  -0.004834,   0.007251,   0.929397,   0.772371,   0.890344,   1.514215,   2.967709,   2.978691,  0.7630,    0.066870,  0.000000,  0.066870,  0.000000,   1.0,0.7630, 0.0, 1.0,   7.625717e-09, 1.998877e-08, 1.998877e-08, 5.239521e-08,  7.625711e-09, 1.998876e-08, 1.998876e-08, 5.239517e-08,   7.625717e-09, 1.998877e-08, 1.998877e-08, 5.239521e-08,   0.291085, 0.763000,   1.0, 0.0,    0.000001,  0.000002,    0.010000,    0.070093,   0.003223,  0.7640,    0.007251,  0.000000,  0.007251, -0.000000,   1.0,0.7640, 0.0, 1.0,   7.665773e-09, 2.006747e-08, 2.006747e-08, 5.253264e-08,  7.665767e-09, 2.006745e-08, 2.006745e-08, 5.253260e-08,   7.665773e-09, 2.006747e-08, 2.006747e-08, 5.253264e-08,   0.291848, 0.764000,   1.0, 0.0,    0.000001,  0.000002,    0.010000,   -0.004834,  -0.012085,  
 0,shunt_unit,1766352174.1190, 0, 0,     0.049951,   0.066870,   0.008862,   0.007251,   0.685318,   0.777779,   0.890342,   3.173944,   2.953585,   2.978690,  0.8220,    0.066870,  0.000000,  0.066870, -0.000000,   1.0,0.8220, 0.0, 1.0,   8.616216e-08, 8.805114e-08, 8.805114e-08, 1.132067e-07,  8.616141e-08, 8.805038e-08, 8.805038e-08, 1.132060e-07,   1.027235e-08, 2.499355e-08, 2.499355e-08, 6.081156e-08,   0.337842, 0.822000,   1.0, 0.0,    0.000009,  0.000009,    0.010000,    0.049951,  -0.016919,  0.8220,    0.007251, -0.000000,  0.007251, -0.000000,   1.0,0.8220, 0.0, 1.0,   8.642445e-08, 8.824280e-08, 8.824280e-08, 1.133442e-07,  8.642370e-08, 8.824204e-08, 8.824204e-08, 1.133434e-07,   1.027235e-08, 2.499355e-08, 2.499355e-08, 6.081156e-08,   0.337842, 0.822000,   1.0, 0.0,    0.000009,  0.000009,    0.010000,    0.008862,   0.001611,  
 0,shunt_unit,1766352174.8910, 0, 0,     0.054785,   0.066869,   0.005640,   0.007251,   0.743896,   0.766230,   0.890337,   2.783426,   2.945389,   2.978683,  0.7730,    0.066870, -0.000000,  0.066869, -0.000000,   1.0,0.7730, 0.0, 1.0,   2.979646e-07, 1.963436e-07, 1.963436e-07, 1.669836e-07,  2.979557e-07, 1.963378e-07, 1.963378e-07, 1.669797e-07,   8.033420e-09, 2.078505e-08, 2.078505e-08, 5.377761e-08,   0.298764, 0.773000,   1.0, 0.0,    0.000030,  0.000020,    0.010000,    0.054785,  -0.012085,  0.7720,    0.007251, -0.000000,  0.007251, -0.000000,   1.0,0.7720, 0.0, 1.0,   2.982122e-07, 1.964476e-07, 1.964476e-07, 1.669819e-07,  2.982033e-07, 1.964418e-07, 1.964418e-07, 1.669781e-07,   7.991931e-09, 2.070448e-08, 2.070448e-08, 5.363856e-08,   0.297992, 0.772000,   1.0, 0.0,    0.000030,  0.000020,    0.010000,    0.005640,  -0.001611,  
 0,shunt_unit,1766352175.6640, 0, 0,     0.063648,   0.066869,   0.005640,   0.007251,   0.851292,   0.772038,   0.890330,   2.783426,   2.935449,   2.978666,  0.7720,    0.066869, -0.000000,  0.066869, -0.000000,   1.0,0.7720, 0.0, 1.0,   7.086104e-07, 3.459506e-07, 3.459506e-07, 2.206183e-07,  7.085602e-07, 3.459261e-07, 3.459261e-07, 2.206063e-07,   7.991931e-09, 2.070448e-08, 2.070448e-08, 5.363856e-08,   0.297992, 0.772000,   1.0, 0.0,    0.000071,  0.000035,    0.010001,    0.063648,  -0.003222,  0.7730,    0.007251, -0.000000,  0.007251, -0.000000,   1.0,0.7730, 0.0, 1.0,   7.097099e-07, 3.463009e-07, 3.463009e-07, 2.207557e-07,  7.096595e-07, 3.462763e-07, 3.462763e-07, 2.207437e-07,   8.033420e-09, 2.078505e-08, 2.078505e-08, 5.377761e-08,   0.298764, 0.773000,   1.0, 0.0,    0.000071,  0.000035,    0.010001,    0.005640,  -0.001611,  
 0,shunt_unit,1766352176.4360, 0, 0,     0.064453,   0.066868,  -0.011279,   0.007248,   0.861055,   0.786850,   0.890322,   0.733163,   2.910338,   2.978346,  0.7720,    0.066869, -0.000000,  0.066868, -0.000001,   1.0,0.7720, 0.0, 1.0,   1.382140e-06, 5.369386e-07, 5.369386e-07, 2.742449e-07,  1.381949e-06, 5.368644e-07, 5.368644e-07, 2.742160e-07,   7.991931e-09, 2.070448e-08, 2.070448e-08, 5.363856e-08,   0.297992, 0.772000,   1.0, 0.0,    0.000138,  0.000054,    0.010001,    0.064453,  -0.002415,  0.7720,    0.007251, -0.000000,  0.007248, -0.000001,   1.0,0.7720, 0.0, 1.0,   1.383862e-06, 5.373949e-07, 5.373949e-07, 2.743823e-07,  1.383670e-06, 5.373205e-07, 5.373205e-07, 2.743534e-07,   7.991931e-09, 2.070448e-08, 2.070448e-08, 5.363856e-08,   0.297992, 0.772000,   1.0, 0.0,    0.000138,  0.000054,    0.010001,   -0.011279,  -0.018530,  
 0,shunt_unit,1766352177.2070, 0, 0,     0.056396,   0.066865,   0.003223,   0.007246,   0.763423,   0.791031,   0.890286,   2.490533,   2.876703,   2.978128,  0.7720,    0.066868, -0.000001,  0.066865, -0.000001,   1.0,0.7720, 0.0, 1.0,   2.382288e-06, 7.692637e-07, 7.692637e-07, 3.278546e-07,  2.381720e-06, 7.690805e-07, 7.690805e-07, 3.277954e-07,   7.991931e-09, 2.070448e-08, 2.070448e-08, 5.363856e-08,   0.297992, 0.772000,   1.0, 0.0,    0.000238,  0.000077,    0.010002,    0.056396,  -0.010471,  0.7710,    0.007247, -0.000001,  0.007246, -0.000001,   1.0,0.7710, 0.0, 1.0,   2.383256e-06, 7.694711e-07, 7.694711e-07, 3.278531e-07,  2.382688e-06, 7.692878e-07, 7.692878e-07, 3.277939e-07,   7.950602e-09, 2.062413e-08, 2.062413e-08, 5.349969e-08,   0.297220, 0.771000,   1.0, 0.0,    0.000238,  0.000077,    0.010002,    0.003223,  -0.004025,  
 0,shunt_unit,1766352177.9810, 0, 0,     0.081372,   0.066870,   0.020947,   0.007250,   1.066081,   0.813573,   0.890339,   4.638422,   2.865751,   2.978623,  0.7740,    0.066864, -0.000001,  0.066870,  0.000000,   1.0,0.7740, 0.0, 1.0,   3.776706e-06, 1.043660e-06, 1.043660e-06, 3.817123e-07,  3.775281e-06, 1.043266e-06, 1.043266e-06, 3.816034e-07,   8.075071e-09, 2.086582e-08, 2.086582e-08, 5.391684e-08,   0.299538, 0.774000,   1.0, 0.0,    0.000378,  0.000104,    0.010004,    0.081372,   0.014508,  0.7740,    0.007245, -0.000001,  0.007250,  0.000000,   1.0,0.7740, 0.0, 1.0,   3.777994e-06, 1.043866e-06, 1.043866e-06, 3.817107e-07,  3.776567e-06, 1.043472e-06, 1.043472e-06, 3.816018e-07,   8.075071e-09, 2.086582e-08, 2.086582e-08, 5.391684e-08,   0.299538, 0.774000,   1.0, 0.0,    0.000378,  0.000104,    0.010004,    0.020947,   0.013702,  
 0,shunt_unit,1766352178.7530, 0, 0,     0.049951,   0.066860,   0.012891,   0.007254,   0.685316,   0.823423,   0.890224,   3.662118,   2.870567,   2.979010,  0.7720,    0.066870,  0.000000,  0.066860, -0.000002,   1.0,0.7720, 0.0, 1.0,   5.621505e-06, 1.358568e-06, 1.358568e-06, 4.352420e-07,  5.618346e-06, 1.357805e-06, 1.357805e-06, 4.350575e-07,   7.991931e-09, 2.070448e-08, 2.070448e-08, 5.363856e-08,   0.297992, 0.772000,   1.0, 0.0,    0.000562,  0.000136,    0.010006,    0.049951,  -0.016919,  0.7720,    0.007250,  0.000000,  0.007254,  0.000001,   1.0,0.7720, 0.0, 1.0,   5.623108e-06, 1.358773e-06, 1.358773e-06, 4.352404e-07,  5.619948e-06, 1.358009e-06, 1.358009e-06, 4.350558e-07,   7.991931e-09, 2.070448e-08, 2.070448e-08, 5.363856e-08,   0.297992, 0.772000,   1.0, 0.0,    0.000562,  0.000136,    0.010006,    0.012891,   0.005640,  
 0,shunt_unit,1766352179.5250, 0, 0,     0.052368,   0.066847,   0.012891,   0.007259,   0.714607,   0.801836,   0.890064,   3.662104,   2.878865,   2.979629,  0.7720,    0.066859, -0.000002,  0.066847, -0.000005,   1.0,0.7720, 0.0, 1.0,   7.982076e-06, 1.714374e-06, 1.714374e-06, 4.886960e-07,  7.975710e-06, 1.713006e-06, 1.713006e-06, 4.884024e-07,   7.991931e-09, 2.070448e-08, 2.070448e-08, 5.363856e-08,   0.297992, 0.772000,   1.0, 0.0,    0.000798,  0.000171,    0.010008,    0.052368,  -0.014490,  0.7720,    0.007254,  0.000001,  0.007259,  0.000002,   1.0,0.7720, 0.0, 1.0,   7.983993e-06, 1.714577e-06, 1.714577e-06, 4.886944e-07,  7.977624e-06, 1.713209e-06, 1.713209e-06, 4.884007e-07,   7.991931e-09, 2.070448e-08, 2.070448e-08, 5.363856e-08,   0.297992, 0.772000,   1.0, 0.0,    0.000798,  0.000171,    0.010008,    0.012891,   0.005636,  
 0,shunt_unit,1766352180.3460, 0, 0,     0.066064,   0.066842,   0.015308,   0.007269,   0.880581,   0.801560,   0.890006,   3.955010,   2.895595,   2.980888,  0.8200,    0.066843, -0.000005,  0.066842, -0.000005,   1.0,0.8200, 0.0, 1.0,   1.112362e-05, 2.138308e-06, 2.138308e-06, 5.489184e-07,  1.111126e-05, 2.135932e-06, 2.135932e-06, 5.484616e-07,   1.017274e-08, 2.481156e-08, 2.481156e-08, 6.051600e-08,   0.336200, 0.820000,   1.0, 0.0,    0.001111,  0.000214,    0.010011,    0.066064,  -0.000779,  0.8210,    0.007260,  0.000002,  0.007269,  0.000003,   1.0,0.8210, 0.0, 1.0,   1.113014e-05, 2.139088e-06, 2.139088e-06, 5.490643e-07,  1.111776e-05, 2.136710e-06, 2.136710e-06, 5.486073e-07,   1.022245e-08, 2.490244e-08, 2.490244e-08, 6.066369e-08,   0.337020, 0.821000,   1.0, 0.0,    0.001112,  0.000214,    0.010011,    0.015308,   0.008047,  
 0,shunt_unit,1766352181.1180, 0, 0,     0.044312,   0.066805,   0.000806,   0.007262,   0.616975,   0.790930,   0.889559,   2.197626,   2.907141,   2.980059,  0.7720,    0.066838, -0.000005,  0.066805, -0.000011,   1.0,0.7720, 0.0, 1.0,   1.474400e-05, 2.580049e-06, 2.580049e-06, 6.021002e-07,  1.472229e-05, 2.576251e-06, 2.576251e-06, 6.014355e-07,   7.991931e-09, 2.070448e-08, 2.070448e-08, 5.363856e-08,   0.297992, 0.772000,   1.0, 0.0,    0.001472,  0.000258,    0.010015,    0.044312,  -0.022527,  0.7720,    0.007272,  0.000003,  0.007262,  0.000002,   1.0,0.7720, 0.0, 1.0,   1.475180e-05, 2.580940e-06, 2.580940e-06, 6.022458e-07,  1.473007e-05, 2.577138e-06, 2.577138e-06, 6.015807e-07,   7.991931e-09, 2.070448e-08, 2.070448e-08, 5.363856e-08,   0.297992, 0.772000,   1.0, 0.0,    0.001473,  0.000258,    0.010015,    0.000806,  -0.006466,  
 0,shunt_unit,1766352181.8920, 0, 0,     0.052368,   0.066770,   0.037061,   0.007320,   0.714607,   0.769241,   0.889126,   6.591073,   2.938704,   2.987108,  0.7740,    0.066797, -0.000011,  0.066770, -0.000015,   1.0,0.7740, 0.0, 1.0,   1.907871e-05, 3.062627e-06, 3.062627e-06, 6.553524e-07,  1.904238e-05, 3.056795e-06, 3.056795e-06, 6.544162e-07,   8.075071e-09, 2.086582e-08, 2.086582e-08, 5.391684e-08,   0.299538, 0.774000,   1.0, 0.0,    0.001904,  0.000306,    0.010019,    0.052368,  -0.014429,  0.7740,    0.007264,  0.000002,  0.007320,  0.000011,   1.0,0.7740, 0.0, 1.0,   1.908794e-05, 3.063627e-06, 3.063627e-06, 6.554975e-07,  1.905158e-05, 3.057790e-06, 3.057790e-06, 6.545607e-07,   8.075071e-09, 2.086582e-08, 2.086582e-08, 5.391684e-08,   0.299538, 0.774000,   1.0, 0.0,    0.001905,  0.000306,    0.010019,    0.037061,   0.029797,  
 0,shunt_unit,1766352182.6640, 0, 0,     0.063648,   0.066750,   0.000000,   0.007311,   0.851292,   0.772040,   0.888894,   2.100000,   2.977489,   2.985989,  0.7720,    0.066758, -0.000015,  0.066750, -0.000016,   1.0,0.7720, 0.0, 1.0,   2.416009e-05, 3.582709e-06, 3.582709e-06, 7.080547e-07,  2.410186e-05, 3.574074e-06, 3.574074e-06, 7.067742e-07,   7.991931e-09, 2.070448e-08, 2.070448e-08, 5.363856e-08,   0.297992, 0.772000,   1.0, 0.0,    0.002410,  0.000357,    0.010024,    0.063648,  -0.003110,  0.7720,    0.007329,  0.000011,  0.007311,  0.000008,   1.0,0.7720, 0.0, 1.0,   2.417091e-05, 3.583816e-06, 3.583816e-06, 7.081993e-07,  2.411262e-05, 3.575174e-06, 3.575174e-06, 7.069180e-07,   7.991931e-09, 2.070448e-08, 2.070448e-08, 5.363856e-08,   0.297992, 0.772000,   1.0, 0.0,    0.002411,  0.000358,    0.010024,    0.000000,  -0.007329,  
 0,shunt_unit,1766352183.4360, 0, 0,     0.042700,   0.066666,   0.003223,   0.007305,   0.597448,   0.762957,   0.887870,   2.490533,   2.992435,   2.985278,  0.7720,    0.066738, -0.000016,  0.066666, -0.000026,   1.0,0.7720, 0.0, 1.0,   3.004944e-05, 4.140408e-06, 4.140408e-06, 7.604128e-07,  2.995942e-05, 4.128004e-06, 4.128004e-06, 7.587036e-07,   7.991931e-09, 2.070448e-08, 2.070448e-08, 5.363856e-08,   0.297992, 0.772000,   1.0, 0.0,    0.002996,  0.000413,    0.010030,    0.042700,  -0.024038,  0.7720,    0.007318,  0.000008,  0.007305,  0.000007,   1.0,0.7720, 0.0, 1.0,   3.006200e-05, 4.141619e-06, 4.141619e-06, 7.605566e-07,  2.997190e-05, 4.129206e-06, 4.129206e-06, 7.588464e-07,   7.991931e-09, 2.070448e-08, 2.070448e-08, 5.363856e-08,   0.297992, 0.772000,   1.0, 0.0,    0.002997,  0.000413,    0.010030,    0.003223,  -0.004095,  
 0,shunt_unit,1766352184.2080, 0, 0,     0.069287,   0.066655,   0.005640,   0.007304,   0.919635,   0.763091,   0.887743,   2.783411,   3.004992,   2.985154,  0.7720,    0.066646, -0.000026,  0.066655, -0.000025,   1.0,0.7720, 0.0, 1.0,   3.679322e-05, 4.734428e-06, 4.734428e-06, 8.123422e-07,  3.665835e-05, 4.717072e-06, 4.717072e-06, 8.101089e-07,   7.991931e-09, 2.070448e-08, 2.070448e-08, 5.363856e-08,   0.297992, 0.772000,   1.0, 0.0,    0.003666,  0.000472,    0.010037,    0.069287,   0.002641,  0.7720,    0.007310,  0.000007,  0.007304,  0.000006,   1.0,0.7720, 0.0, 1.0,   3.680764e-05, 4.735740e-06, 4.735740e-06, 8.124850e-07,  3.667266e-05, 4.718373e-06, 4.718373e-06, 8.102505e-07,   7.991931e-09, 2.070448e-08, 2.070448e-08, 5.363856e-08,   0.297992, 0.772000,   1.0, 0.0,    0.003667,  0.000472,    0.010037,    0.005640,  -0.001671,  
 0,shunt_unit,1766352184.9790, 0, 0,     0.058008,   0.066598,  -0.008057,   0.007241,   0.782950,   0.778186,   0.887048,   1.123682,   3.001793,   2.977460,  0.7710,    0.066636, -0.000025,  0.066598, -0.000029,   1.0,0.7710, 0.0, 1.0,   4.442158e-05, 5.362290e-06, 5.362290e-06, 8.636086e-07,  4.422513e-05, 5.338575e-06, 5.338575e-06, 8.607459e-07,   7.950602e-09, 2.062413e-08, 2.062413e-08, 5.349969e-08,   0.297220, 0.771000,   1.0, 0.0,    0.004423,  0.000534,    0.010044,    0.058008,  -0.008628,  0.7710,    0.007309,  0.000006,  0.007241, -0.000002,   1.0,0.7710, 0.0, 1.0,   4.443799e-05, 5.363700e-06, 5.363700e-06, 8.637502e-07,  4.424139e-05, 5.339970e-06, 5.339970e-06, 8.608860e-07,   7.950602e-09, 2.062413e-08, 2.062413e-08, 5.349969e-08,   0.297220, 0.771000,   1.0, 0.0,    0.004424,  0.000534,    0.010044,   -0.008057,  -0.015365,  
 0,shunt_unit,1766352185.7540, 0, 0,     0.031421,   0.066390,  -0.015308,   0.007120,   0.460765,   0.749873,   0.884525,   0.244989,   2.970806,   2.962821,  0.7750,    0.066575, -0.000029,  0.066390, -0.000051,   1.0,0.7750, 0.0, 1.0,   5.302502e-05, 6.026600e-06, 6.026600e-06, 9.148022e-07,  5.274534e-05, 5.994813e-06, 5.994813e-06, 9.111893e-07,   8.116884e-09, 2.094680e-08, 2.094680e-08, 5.405625e-08,   0.300313, 0.775000,   1.0, 0.0,    0.005275,  0.000599,    0.010053,    0.031421,  -0.035154,  0.7750,    0.007239, -0.000002,  0.007120, -0.000016,   1.0,0.7750, 0.0, 1.0,   5.304353e-05, 6.028104e-06, 6.028104e-06, 9.149422e-07,  5.276365e-05, 5.996297e-06, 5.996297e-06, 9.113276e-07,   8.116884e-09, 2.094680e-08, 2.094680e-08, 5.405625e-08,   0.300313, 0.775000,   1.0, 0.0,    0.005276,  0.000600,    0.010053,   -0.015308,  -0.022547,  
 0,shunt_unit,1766352186.5700, 0, 0,     0.044312,   0.066210,   0.005640,   0.007098,   0.616975,   0.713152,   0.882349,   2.783411,   2.936514,   2.960132,  0.8160,    0.066349, -0.000051,  0.066210, -0.000065,   1.0,0.8160, 0.0, 1.0,   6.314557e-05, 6.762794e-06, 6.762794e-06, 9.711164e-07,  6.274934e-05, 6.720357e-06, 6.720357e-06, 9.665716e-07,   9.975695e-09, 2.445023e-08, 2.445023e-08, 5.992704e-08,   0.332928, 0.816000,   1.0, 0.0,    0.006275,  0.000672,    0.010063,    0.044312,  -0.022037,  0.8160,    0.007107, -0.000016,  0.007098, -0.000017,   1.0,0.8160, 0.0, 1.0,   6.316640e-05, 6.764391e-06, 6.764391e-06, 9.712546e-07,  6.276990e-05, 6.721931e-06, 6.721931e-06, 9.667077e-07,   9.975695e-09, 2.445023e-08, 2.445023e-08, 5.992704e-08,   0.332928, 0.816000,   1.0, 0.0,    0.006277,  0.000672,    0.010063,    0.005640,  -0.001468,  
 0,shunt_unit,1766352187.3350, 0, 0,     0.052368,   0.066060,   0.010474,   0.007110,   0.714607,   0.704718,   0.880522,   3.369225,   2.917174,   2.961568,  0.7650,    0.066160, -0.000065,  0.066060, -0.000076,   1.0,0.7650, 0.0, 1.0,   7.360485e-05, 7.479931e-06, 7.479931e-06, 1.019242e-06,  7.306704e-05, 7.425277e-06, 7.425277e-06, 1.013688e-06,   7.705987e-09, 2.014637e-08, 2.014637e-08, 5.267025e-08,   0.292612, 0.765000,   1.0, 0.0,    0.007307,  0.000743,    0.010074,    0.052368,  -0.013792,  0.7650,    0.007085, -0.000017,  0.007110, -0.000014,   1.0,0.7650, 0.0, 1.0,   7.362790e-05, 7.481609e-06, 7.481609e-06, 1.019378e-06,  7.308976e-05, 7.426926e-06, 7.426926e-06, 1.013821e-06,   7.705987e-09, 2.014637e-08, 2.014637e-08, 5.267025e-08,   0.292612, 0.765000,   1.0, 0.0,    0.007309,  0.000743,    0.010074,    0.010474,   0.003389,  
 0,shunt_unit,1766352188.1090, 0, 0,     0.049951,   0.065866,   0.000806,   0.007045,   0.685318,   0.703809,   0.878170,   2.197626,   2.896967,   2.953777,  0.7740,    0.066001, -0.000076,  0.065866, -0.000089,   1.0,0.7740, 0.0, 1.0,   8.517672e-05, 8.230738e-06, 8.230738e-06, 1.067605e-06,  8.445734e-05, 8.161223e-06, 8.161223e-06, 1.060887e-06,   8.075071e-09, 2.086582e-08, 2.086582e-08, 5.391684e-08,   0.299538, 0.774000,   1.0, 0.0,    0.008446,  0.000816,    0.010085,    0.049951,  -0.016050,  0.7740,    0.007099, -0.000014,  0.007045, -0.000020,   1.0,0.7740, 0.0, 1.0,   8.520207e-05, 8.232489e-06, 8.232489e-06, 1.067738e-06,  8.448226e-05, 8.162939e-06, 8.162939e-06, 1.061018e-06,   8.075071e-09, 2.086582e-08, 2.086582e-08, 5.391684e-08,   0.299538, 0.774000,   1.0, 0.0,    0.008448,  0.000816,    0.010085,    0.000806,  -0.006293,  
 0,shunt_unit,1766352188.8810, 0, 0,     0.068481,   0.065823,   0.015308,   0.007110,   0.909871,   0.720945,   0.877654,   3.955010,   2.883318,   2.961660,  0.7730,    0.065797, -0.000089,  0.065823, -0.000086,   1.0,0.7730, 0.0, 1.0,   9.771654e-05, 9.002074e-06, 9.002074e-06, 1.114665e-06,  9.677093e-05, 8.914960e-06, 8.914960e-06, 1.106640e-06,   8.033420e-09, 2.078505e-08, 2.078505e-08, 5.377761e-08,   0.298764, 0.773000,   1.0, 0.0,    0.009677,  0.000891,    0.010098,    0.068481,   0.002684,  0.7720,    0.007030, -0.000020,  0.007110, -0.000012,   1.0,0.7720, 0.0, 1.0,   9.772619e-05, 9.002750e-06, 9.002750e-06, 1.114657e-06,  9.678039e-05, 8.915621e-06, 8.915621e-06, 1.106630e-06,   7.991931e-09, 2.070448e-08, 2.070448e-08, 5.363856e-08,   0.297992, 0.772000,   1.0, 0.0,    0.009678,  0.000892,    0.010098,    0.015308,   0.008277,  
 0,shunt_unit,1766352189.6500, 0, 0,     0.053980,   0.065627,   0.016919,   0.007209,   0.734134,   0.738187,   0.875283,   4.150277,   2.887920,   2.973609,  0.7680,    0.065757, -0.000086,  0.065627, -0.000098,   1.0,0.7680, 0.0, 1.0,   1.111249e-04, 9.785243e-06, 9.785243e-06, 1.159724e-06,  1.099036e-04, 9.677700e-06, 9.677700e-06, 1.150254e-06,   7.827578e-09, 2.038432e-08, 2.038432e-08, 5.308416e-08,   0.294912, 0.768000,   1.0, 0.0,    0.010990,  0.000968,    0.010111,    0.053980,  -0.011777,  0.7690,    0.007101, -0.000012,  0.007209, -0.000003,   1.0,0.7690, 0.0, 1.0,   1.111549e-04, 9.787083e-06, 9.787083e-06, 1.159853e-06,  1.099329e-04, 9.679491e-06, 9.679491e-06, 1.150379e-06,   7.868426e-09, 2.046405e-08, 2.046405e-08, 5.322249e-08,   0.295681, 0.769000,   1.0, 0.0,    0.010993,  0.000968,    0.010111,    0.016919,   0.009818,  
 0,shunt_unit,1766352190.4220, 0, 0,     0.076538,   0.065688,   0.015308,   0.007308,   1.007502,   0.762149,   0.876019,   3.955010,   2.902019,   2.985537,  0.7720,    0.065552, -0.000098,  0.065688, -0.000086,   1.0,0.7720, 0.0, 1.0,   1.255394e-04, 1.058640e-05, 1.058640e-05, 1.203892e-06,  1.239830e-04, 1.045515e-05, 1.045515e-05, 1.192824e-06,   7.991931e-09, 2.070448e-08, 2.070448e-08, 5.363856e-08,   0.297992, 0.772000,   1.0, 0.0,    0.012398,  0.001046,    0.010126,    0.076538,   0.010986,  0.7720,    0.007207, -0.000003,  0.007308,  0.000006,   1.0,0.7720, 0.0, 1.0,   1.255717e-04, 1.058829e-05, 1.058829e-05, 1.204018e-06,  1.240144e-04, 1.045698e-05, 1.045698e-05, 1.192946e-06,   7.991931e-09, 2.070448e-08, 2.070448e-08, 5.363856e-08,   0.297992, 0.772000,   1.0, 0.0,    0.012401,  0.001046,    0.010126,    0.015308,   0.008101,  
 0,shunt_unit,1766352191.1940, 0, 0,     0.060425,   0.065549,  -0.006445,   0.007121,   0.812239,   0.787526,   0.874338,   1.318948,   2.903397,   2.962924,  0.7720,    0.065621, -0.000086,  0.065549, -0.000092,   1.0,0.7720, 0.0, 1.0,   1.408446e-04, 1.139671e-05, 1.139671e-05, 1.246463e-06,  1.388884e-04, 1.123842e-05, 1.123842e-05, 1.233655e-06,   7.991931e-09, 2.070448e-08, 2.070448e-08, 5.363856e-08,   0.297992, 0.772000,   1.0, 0.0,    0.013889,  0.001124,    0.010141,    0.060425,  -0.005197,  0.7720,    0.007312,  0.000006,  0.007121, -0.000010,   1.0,0.7720, 0.0, 1.0,   1.408789e-04, 1.139864e-05, 1.139864e-05, 1.246584e-06,  1.389218e-04, 1.124028e-05, 1.124028e-05, 1.233772e-06,   7.991931e-09, 2.070448e-08, 2.070448e-08, 5.363856e-08,   0.297992, 0.772000,   1.0, 0.0,    0.013892,  0.001124,    0.010141,   -0.006445,  -0.013757,  
 0,shunt_unit,1766352191.9690, 0, 0,     0.057202,   0.065350,  -0.005640,   0.006916,   0.773185,   0.788326,   0.871923,   1.416589,   2.883838,   2.938118,  0.7750,    0.065478, -0.000092,  0.065350, -0.000102,   1.0,0.7750, 0.0, 1.0,   1.570571e-04, 1.221545e-05, 1.221545e-05, 1.287711e-06,  1.546285e-04, 1.202657e-05, 1.202657e-05, 1.273020e-06,   8.116884e-09, 2.094680e-08, 2.094680e-08, 5.405625e-08,   0.300313, 0.775000,   1.0, 0.0,    0.015463,  0.001203,    0.010157,    0.057202,  -0.008276,  0.7750,    0.007113, -0.000010,  0.006916, -0.000025,   1.0,0.7750, 0.0, 1.0,   1.570934e-04, 1.221740e-05, 1.221740e-05, 1.287828e-06,  1.546638e-04, 1.202845e-05, 1.202845e-05, 1.273132e-06,   8.116884e-09, 2.094680e-08, 2.094680e-08, 5.405625e-08,   0.300313, 0.775000,   1.0, 0.0,    0.015466,  0.001203,    0.010157,   -0.005640,  -0.012753,  
 0,shunt_unit,1766352192.7880, 0, 0,     0.053174,   0.065058,   0.002417,   0.006819,   0.724371,   0.781222,   0.868388,   2.392907,   2.861925,   2.926295,  0.8190,    0.065266, -0.000102,  0.065058, -0.000118,   1.0,0.8190, 0.0, 1.0,   1.751921e-04, 1.309389e-05, 1.309389e-05, 1.333388e-06,  1.721757e-04, 1.286845e-05, 1.286845e-05, 1.316539e-06,   1.012321e-08, 2.472090e-08, 2.472090e-08, 6.036849e-08,   0.335380, 0.819000,   1.0, 0.0,    0.017218,  0.001287,    0.010175,    0.053174,  -0.012093,  0.8190,    0.006896, -0.000025,  0.006819, -0.000031,   1.0,0.8190, 0.0, 1.0,   1.752304e-04, 1.309586e-05, 1.309586e-05, 1.333501e-06,  1.722128e-04, 1.287033e-05, 1.287033e-05, 1.316646e-06,   1.012321e-08, 2.472090e-08, 2.472090e-08, 6.036849e-08,   0.335380, 0.819000,   1.0, 0.0,    0.017221,  0.001287,    0.010175,    0.002417,  -0.004479,  
 0,shunt_unit,1766352193.5630, 0, 0,     0.050757,   0.064698,   0.028198,   0.007200,   0.695080,   0.767892,   0.864024,   5.517114,   2.864882,   2.972510,  0.7750,    0.064967, -0.000118,  0.064698, -0.000137,   1.0,0.7750, 0.0, 1.0,   1.929206e-04, 1.390971e-05, 1.390971e-05, 1.370595e-06,  1.892692e-04, 1.364644e-05, 1.364644e-05, 1.351613e-06,   8.116884e-09, 2.094680e-08, 2.094680e-08, 5.405625e-08,   0.300313, 0.775000,   1.0, 0.0,    0.018927,  0.001365,    0.010193,    0.050757,  -0.014210,  0.7750,    0.006795, -0.000031,  0.007200, -0.000002,   1.0,0.7750, 0.0, 1.0,   1.929607e-04, 1.391168e-05, 1.391168e-05, 1.370702e-06,  1.893078e-04, 1.364832e-05, 1.364832e-05, 1.351715e-06,   8.116884e-09, 2.094680e-08, 2.094680e-08, 5.405625e-08,   0.300313, 0.775000,   1.0, 0.0,    0.018931,  0.001365,    0.010193,    0.028198,   0.021403,  
 0,shunt_unit,1766352194.3350, 0, 0,     0.058008,   0.064456,   0.006445,   0.007183,   0.782950,   0.763055,   0.861093,   2.881052,   2.880002,   2.970480,  0.7720,    0.064592, -0.000137,  0.064456, -0.000146,   1.0,0.7720, 0.0, 1.0,   2.111529e-04, 1.471059e-05, 1.471059e-05, 1.405252e-06,  2.067865e-04, 1.440640e-05, 1.440640e-05, 1.384059e-06,   7.991931e-09, 2.070448e-08, 2.070448e-08, 5.363856e-08,   0.297992, 0.772000,   1.0, 0.0,    0.020679,  0.001441,    0.010211,    0.058008,  -0.006585,  0.7720,    0.007199, -0.000002,  0.007183, -0.000003,   1.0,0.7720, 0.0, 1.0,   2.111944e-04, 1.471255e-05, 1.471255e-05, 1.405354e-06,  2.068263e-04, 1.440826e-05, 1.440826e-05, 1.384156e-06,   7.991931e-09, 2.070448e-08, 2.070448e-08, 5.363856e-08,   0.297992, 0.772000,   1.0, 0.0,    0.020683,  0.001441,    0.010211,    0.006445,  -0.000754,  
 0,shunt_unit,1766352195.1070, 0, 0,     0.070093,   0.064472,   0.008057,   0.007201,   0.929397,   0.779812,   0.861289,   3.076318,   2.886644,   2.972622,  0.7720,    0.064343, -0.000146,  0.064472, -0.000138,   1.0,0.7720, 0.0, 1.0,   2.298629e-04, 1.549560e-05, 1.549560e-05, 1.437697e-06,  2.246979e-04, 1.514741e-05, 1.514741e-05, 1.414226e-06,   7.991931e-09, 2.070448e-08, 2.070448e-08, 5.363856e-08,   0.297992, 0.772000,   1.0, 0.0,    0.022470,  0.001515,    0.010230,    0.070093,   0.005750,  0.7720,    0.007181, -0.000003,  0.007201, -0.000001,   1.0,0.7720, 0.0, 1.0,   2.299056e-04, 1.549753e-05, 1.549753e-05, 1.437794e-06,  2.247388e-04, 1.514924e-05, 1.514924e-05, 1.414317e-06,   7.991931e-09, 2.070448e-08, 2.070448e-08, 5.363856e-08,   0.297992, 0.772000,   1.0, 0.0,    0.022474,  0.001515,    0.010230,    0.008057,   0.000875,  
 0,shunt_unit,1766352195.8820, 0, 0,     0.042700,   0.063839,   0.012085,   0.007319,   0.597448,   0.775999,   0.853616,   3.564477,   2.898927,   2.986889,  0.7750,    0.064366, -0.000138,  0.063839, -0.000172,   1.0,0.7750, 0.0, 1.0,   2.490339e-04, 1.626439e-05, 1.626439e-05, 1.468282e-06,  2.429828e-04, 1.586919e-05, 1.586919e-05, 1.442472e-06,   8.116884e-09, 2.094680e-08, 2.094680e-08, 5.405625e-08,   0.300313, 0.775000,   1.0, 0.0,    0.024298,  0.001587,    0.010249,    0.042700,  -0.021666,  0.7750,    0.007200, -0.000001,  0.007319,  0.000006,   1.0,0.7750, 0.0, 1.0,   2.490777e-04, 1.626628e-05, 1.626628e-05, 1.468373e-06,  2.430245e-04, 1.587097e-05, 1.587097e-05, 1.442557e-06,   8.116884e-09, 2.094680e-08, 2.094680e-08, 5.405625e-08,   0.300313, 0.775000,   1.0, 0.0,    0.024302,  0.001587,    0.010249,    0.012085,   0.004885,  
 0,shunt_unit,1766352196.6540, 0, 0,     0.071704,   0.063915,  -0.010474,   0.006858,   0.948924,   0.776503,   0.854538,   0.830789,   2.896181,   2.931123,  0.7720,    0.063706, -0.000172,  0.063915, -0.000159,   1.0,0.7720, 0.0, 1.0,   2.683525e-04, 1.700348e-05, 1.700348e-05, 1.496110e-06,  2.613394e-04, 1.655911e-05, 1.655911e-05, 1.467954e-06,   7.991931e-09, 2.070448e-08, 2.070448e-08, 5.363856e-08,   0.297992, 0.772000,   1.0, 0.0,    0.026134,  0.001656,    0.010268,    0.071704,   0.007998,  0.7720,    0.007324,  0.000006,  0.006858, -0.000023,   1.0,0.7720, 0.0, 1.0,   2.683970e-04, 1.700533e-05, 1.700533e-05, 1.496195e-06,  2.613816e-04, 1.656084e-05, 1.656084e-05, 1.468033e-06,   7.991931e-09, 2.070448e-08, 2.070448e-08, 5.363856e-08,   0.297992, 0.772000,   1.0, 0.0,    0.026138,  0.001656,    0.010268,   -0.010474,  -0.017797,  
 0,shunt_unit,1766352197.4260, 0, 0,     0.024976,   0.062707,   0.004028,   0.006762,   0.382658,   0.755473,   0.839893,   2.588159,   2.880731,   2.919437,  0.7720,    0.063793, -0.000159,  0.062707, -0.000226,   1.0,0.7720, 0.0, 1.0,   2.877896e-04, 1.771308e-05, 1.771308e-05, 1.521593e-06,  2.797390e-04, 1.721757e-05, 1.721757e-05, 1.491095e-06,   7.991931e-09, 2.070448e-08, 2.070448e-08, 5.363856e-08,   0.297992, 0.772000,   1.0, 0.0,    0.027974,  0.001722,    0.010288,    0.024976,  -0.038817,  0.7720,    0.006841, -0.000023,  0.006762, -0.000028,   1.0,0.7720, 0.0, 1.0,   2.878344e-04, 1.771487e-05, 1.771487e-05, 1.521671e-06,  2.797814e-04, 1.721924e-05, 1.721924e-05, 1.491168e-06,   7.991931e-09, 2.070448e-08, 2.070448e-08, 5.363856e-08,   0.297992, 0.772000,   1.0, 0.0,    0.027978,  0.001722,    0.010288,    0.004028,  -0.002812,  
 0,shunt_unit,1766352198.1990, 0, 0,     0.055591,   0.062325,   0.015308,   0.006996,   0.753660,   0.723643,   0.835272,   3.955010,   2.880456,   2.947782,  0.7730,    0.062532, -0.000226,  0.062325, -0.000238,   1.0,0.7730, 0.0, 1.0,   3.072564e-04, 1.839098e-05, 1.839098e-05, 1.544873e-06,  2.980971e-04, 1.784275e-05, 1.784275e-05, 1.512058e-06,   8.033420e-09, 2.078505e-08, 2.078505e-08, 5.377761e-08,   0.298764, 0.773000,   1.0, 0.0,    0.029810,  0.001784,    0.010307,    0.055591,  -0.006942,  0.7730,    0.006741, -0.000028,  0.006996, -0.000013,   1.0,0.7730, 0.0, 1.0,   3.073014e-04, 1.839270e-05, 1.839270e-05, 1.544945e-06,  2.981395e-04, 1.784434e-05, 1.784434e-05, 1.512125e-06,   8.033420e-09, 2.078505e-08, 2.078505e-08, 5.377761e-08,   0.298764, 0.773000,   1.0, 0.0,    0.029814,  0.001784,    0.010307,    0.015308,   0.008567,  
 0,shunt_unit,1766352199.0200, 0, 0,     0.058008,   0.061999,  -0.001611,   0.006712,   0.782948,   0.731574,   0.831314,   1.904733,   2.877835,   2.913402,  0.8210,    0.062130, -0.000238,  0.061999, -0.000246,   1.0,0.8210, 0.0, 1.0,   3.284243e-04, 1.910905e-05, 1.910905e-05, 1.572722e-06,  3.179811e-04, 1.850142e-05, 1.850142e-05, 1.537367e-06,   1.022245e-08, 2.490244e-08, 2.490244e-08, 6.066369e-08,   0.337020, 0.821000,   1.0, 0.0,    0.031798,  0.001850,    0.010328,    0.058008,  -0.004122,  0.8210,    0.006986, -0.000013,  0.006712, -0.000028,   1.0,0.8210, 0.0, 1.0,   3.284694e-04, 1.911070e-05, 1.911070e-05, 1.572789e-06,  3.180233e-04, 1.850293e-05, 1.850293e-05, 1.537428e-06,   1.022245e-08, 2.490244e-08, 2.490244e-08, 6.066369e-08,   0.337020, 0.821000,   1.0, 0.0,    0.031802,  0.001850,    0.010328,   -0.001611,  -0.008597,  
 0,shunt_unit,1766352199.7940, 0, 0,     0.068481,   0.062033,  -0.000806,   0.006438,   0.909871,   0.753285,   0.831726,   2.002359,   2.861691,   2.880219,  0.7740,    0.061809, -0.000246,  0.062033, -0.000233,   1.0,0.7740, 0.0, 1.0,   3.475503e-04, 1.971220e-05, 1.971220e-05, 1.591284e-06,  3.358769e-04, 1.905012e-05, 1.905012e-05, 1.553732e-06,   8.075071e-09, 2.086582e-08, 2.086582e-08, 5.391684e-08,   0.299538, 0.774000,   1.0, 0.0,    0.033588,  0.001905,    0.010348,    0.068481,   0.006673,  0.7740,    0.006690, -0.000028,  0.006438, -0.000043,   1.0,0.7740, 0.0, 1.0,   3.475949e-04, 1.971377e-05, 1.971377e-05, 1.591345e-06,  3.359186e-04, 1.905154e-05, 1.905154e-05, 1.553787e-06,   8.075071e-09, 2.086582e-08, 2.086582e-08, 5.391684e-08,   0.299538, 0.774000,   1.0, 0.0,    0.033592,  0.001905,    0.010348,   -0.000806,  -0.007496,  
 0,shunt_unit,1766352200.5660, 0, 0,     0.070093,   0.062144,  -0.004028,   0.006037,   0.929397,   0.782606,   0.833073,   1.611841,   2.837900,   2.831548,  0.7720,    0.061853, -0.000233,  0.062144, -0.000217,   1.0,0.7720, 0.0, 1.0,   3.662243e-04, 2.027030e-05, 2.027030e-05, 1.607371e-06,  3.532861e-04, 1.955418e-05, 1.955418e-05, 1.567734e-06,   7.991931e-09, 2.070448e-08, 2.070448e-08, 5.363856e-08,   0.297992, 0.772000,   1.0, 0.0,    0.035329,  0.001955,    0.010366,    0.070093,   0.008240,  0.7720,    0.006405, -0.000043,  0.006037, -0.000063,   1.0,0.7720, 0.0, 1.0,   3.662682e-04, 2.027177e-05, 2.027177e-05, 1.607426e-06,  3.533269e-04, 1.955552e-05, 1.955552e-05, 1.567783e-06,   7.991931e-09, 2.070448e-08, 2.070448e-08, 5.363856e-08,   0.297992, 0.772000,   1.0, 0.0,    0.035333,  0.001956,    0.010366,   -0.004028,  -0.010434,  
 0,shunt_unit,1766352201.3370, 0, 0,     0.067676,   0.062188,   0.005640,   0.005975,   0.900108,   0.805717,   0.833601,   2.783411,   2.814058,   2.824085,  0.7720,    0.061977, -0.000217,  0.062188, -0.000205,   1.0,0.7720, 0.0, 1.0,   3.844201e-04, 2.078518e-05, 2.078518e-05, 1.621372e-06,  3.701893e-04, 2.001573e-05, 2.001573e-05, 1.579769e-06,   7.991931e-09, 2.070448e-08, 2.070448e-08, 5.363856e-08,   0.297992, 0.772000,   1.0, 0.0,    0.037019,  0.002002,    0.010384,    0.067676,   0.005699,  0.7710,    0.005988, -0.000063,  0.005975, -0.000064,   1.0,0.7710, 0.0, 1.0,   3.844214e-04, 2.078490e-05, 2.078490e-05, 1.621283e-06,  3.701905e-04, 2.001546e-05, 2.001546e-05, 1.579681e-06,   7.950602e-09, 2.062413e-08, 2.062413e-08, 5.349969e-08,   0.297220, 0.771000,   1.0, 0.0,    0.037019,  0.002002,    0.010384,    0.005640,  -0.000349,  
 0,shunt_unit,1766352202.1140, 0, 0,     0.046728,   0.061436,   0.008862,   0.006039,   0.646264,   0.799300,   0.824497,   3.173944,   2.799586,   2.831836,  0.7770,    0.062028, -0.000205,  0.061436, -0.000237,   1.0,0.7770, 0.0, 1.0,   4.022557e-04, 2.126432e-05, 2.126432e-05, 1.634105e-06,  3.867004e-04, 2.044203e-05, 2.044203e-05, 1.590636e-06,   8.200996e-09, 2.110938e-08, 2.110938e-08, 5.433561e-08,   0.301865, 0.777000,   1.0, 0.0,    0.038670,  0.002044,    0.010402,    0.046728,  -0.015299,  0.7770,    0.005926, -0.000064,  0.006039, -0.000058,   1.0,0.7770, 0.0, 1.0,   4.022564e-04, 2.126399e-05, 2.126399e-05, 1.634017e-06,  3.867011e-04, 2.044170e-05, 2.044170e-05, 1.590549e-06,   8.200996e-09, 2.110938e-08, 2.110938e-08, 5.433561e-08,   0.301865, 0.777000,   1.0, 0.0,    0.038670,  0.002044,    0.010402,    0.008862,   0.002937,  
 0,shunt_unit,1766352202.8880, 0, 0,     0.069287,   0.061577,  -0.000806,   0.005721,   0.919633,   0.797194,   0.826196,   2.002374,   2.782636,   2.793250,  0.7730,    0.061253, -0.000237,  0.061577, -0.000220,   1.0,0.7730, 0.0, 1.0,   4.192623e-04, 2.169238e-05, 2.169238e-05, 1.644414e-06,  4.023915e-04, 2.081949e-05, 2.081949e-05, 1.599251e-06,   8.033420e-09, 2.078505e-08, 2.078505e-08, 5.377761e-08,   0.298764, 0.773000,   1.0, 0.0,    0.040239,  0.002082,    0.010419,    0.069287,   0.008034,  0.7740,    0.005994, -0.000058,  0.005721, -0.000072,   1.0,0.7740, 0.0, 1.0,   4.193058e-04, 2.169366e-05, 2.169366e-05, 1.644466e-06,  4.024316e-04, 2.082063e-05, 2.082063e-05, 1.599299e-06,   8.075071e-09, 2.086582e-08, 2.086582e-08, 5.391684e-08,   0.299538, 0.774000,   1.0, 0.0,    0.040243,  0.002082,    0.010419,   -0.000806,  -0.006800,  
 0,shunt_unit,1766352203.6600, 0, 0,     0.041895,   0.060592,   0.020142,   0.006269,   0.587686,   0.788594,   0.814270,   4.540796,   2.776897,   2.859732,  0.7720,    0.061407, -0.000220,  0.060592, -0.000261,   1.0,0.7720, 0.0, 1.0,   4.354979e-04, 2.207482e-05, 2.207482e-05, 1.652890e-06,  4.173236e-04, 2.115359e-05, 2.115359e-05, 1.606194e-06,   7.991931e-09, 2.070448e-08, 2.070448e-08, 5.363856e-08,   0.297992, 0.772000,   1.0, 0.0,    0.041732,  0.002115,    0.010435,    0.041895,  -0.019512,  0.7720,    0.005665, -0.000072,  0.006269, -0.000041,   1.0,0.7720, 0.0, 1.0,   4.355399e-04, 2.207600e-05, 2.207600e-05, 1.652937e-06,  4.173621e-04, 2.115463e-05, 2.115463e-05, 1.606236e-06,   7.991931e-09, 2.070448e-08, 2.070448e-08, 5.363856e-08,   0.297992, 0.772000,   1.0, 0.0,    0.041736,  0.002115,    0.010436,    0.020142,   0.014476,  
 0,shunt_unit,1766352204.4330, 0, 0,     0.054785,   0.060149,   0.007251,   0.006281,   0.743896,   0.767480,   0.808891,   2.978692,   2.783477,   2.861158,  0.7730,    0.060390, -0.000261,  0.060149, -0.000273,   1.0,0.7730, 0.0, 1.0,   4.509948e-04, 2.241596e-05, 2.241596e-05, 1.659971e-06,  4.315329e-04, 2.144864e-05, 2.144864e-05, 1.611892e-06,   8.033420e-09, 2.078505e-08, 2.078505e-08, 5.377761e-08,   0.298764, 0.773000,   1.0, 0.0,    0.043153,  0.002145,    0.010451,    0.054785,  -0.005605,  0.7730,    0.006237, -0.000041,  0.006281, -0.000039,   1.0,0.7730, 0.0, 1.0,   4.510349e-04, 2.241703e-05, 2.241703e-05, 1.660014e-06,  4.315696e-04, 2.144958e-05, 2.144958e-05, 1.611930e-06,   8.033420e-09, 2.078505e-08, 2.078505e-08, 5.377761e-08,   0.298764, 0.773000,   1.0, 0.0,    0.043157,  0.002145,    0.010451,    0.007251,   0.001014,  
 0,shunt_unit,1766352205.2530, 0, 0,     0.061231,   0.059983,  -0.004028,   0.005790,   0.822003,   0.770420,   0.806882,   1.611841,   2.775845,   2.801602,  0.8200,    0.059924, -0.000273,  0.059983, -0.000270,   1.0,0.8200, 0.0, 1.0,   4.678027e-04, 2.279520e-05, 2.279520e-05, 1.672408e-06,  4.468967e-04, 2.177649e-05, 2.177649e-05, 1.622768e-06,   1.017274e-08, 2.481156e-08, 2.481156e-08, 6.051600e-08,   0.336200, 0.820000,   1.0, 0.0,    0.044690,  0.002178,    0.010468,    0.061231,   0.001306,  0.8200,    0.006249, -0.000039,  0.005790, -0.000062,   1.0,0.8200, 0.0, 1.0,   4.678410e-04, 2.279618e-05, 2.279618e-05, 1.672446e-06,  4.469317e-04, 2.177734e-05, 2.177734e-05, 1.622802e-06,   1.017274e-08, 2.481156e-08, 2.481156e-08, 6.051600e-08,   0.336200, 0.820000,   1.0, 0.0,    0.044693,  0.002178,    0.010468,   -0.004028,  -0.010277,  
 0,shunt_unit,1766352206.0300, 0, 0,     0.058813,   0.059729,   0.015308,   0.006181,   0.792712,   0.777173,   0.803801,   3.955010,   2.773052,   2.849084,  0.7770,    0.059773, -0.000270,  0.059729, -0.000273,   1.0,0.7770, 0.0, 1.0,   4.817253e-04, 2.305849e-05, 2.305849e-05, 1.677104e-06,  4.595859e-04, 2.199875e-05, 2.199875e-05, 1.626378e-06,   8.200996e-09, 2.110938e-08, 2.110938e-08, 5.433561e-08,   0.301865, 0.777000,   1.0, 0.0,    0.045959,  0.002200,    0.010482,    0.058813,  -0.000959,  0.7770,    0.005742, -0.000062,  0.006181, -0.000041,   1.0,0.7770, 0.0, 1.0,   4.817616e-04, 2.305937e-05, 2.305937e-05, 1.677138e-06,  4.596189e-04, 2.199952e-05, 2.199952e-05, 1.626408e-06,   8.200996e-09, 2.110938e-08, 2.110938e-08, 5.433561e-08,   0.301865, 0.777000,   1.0, 0.0,    0.045962,  0.002200,    0.010482,    0.015308,   0.009566,  
 0,shunt_unit,1766352206.8010, 0, 0,     0.037060,   0.058460,  -0.004028,   0.005671,   0.529106,   0.755894,   0.788431,   1.611841,   2.770434,   2.787175,  0.7710,    0.059518, -0.000273,  0.058460, -0.000322,   1.0,0.7710, 0.0, 1.0,   4.944827e-04, 2.327332e-05, 2.327332e-05, 1.679878e-06,  4.711835e-04, 2.217672e-05, 2.217672e-05, 1.628265e-06,   7.950602e-09, 2.062413e-08, 2.062413e-08, 5.349969e-08,   0.297220, 0.771000,   1.0, 0.0,    0.047118,  0.002218,    0.010494,    0.037060,  -0.022458,  0.7710,    0.006150, -0.000041,  0.005671, -0.000063,   1.0,0.7710, 0.0, 1.0,   4.945170e-04, 2.327410e-05, 2.327410e-05, 1.679908e-06,  4.712146e-04, 2.217739e-05, 2.217739e-05, 1.628292e-06,   7.950602e-09, 2.062413e-08, 2.062413e-08, 5.349969e-08,   0.297220, 0.771000,   1.0, 0.0,    0.047121,  0.002218,    0.010495,   -0.004028,  -0.010179,  
 0,shunt_unit,1766352207.5740, 0, 0,     0.034644,   0.057075,   0.021753,   0.006399,   0.499817,   0.713486,   0.771639,   4.736062,   2.774210,   2.875498,  0.7740,    0.058211, -0.000322,  0.057075, -0.000375,   1.0,0.7740, 0.0, 1.0,   5.064966e-04, 2.345786e-05, 2.345786e-05, 1.682182e-06,  4.820794e-04, 2.232700e-05, 2.232700e-05, 1.629808e-06,   8.075071e-09, 2.086582e-08, 2.086582e-08, 5.391684e-08,   0.299538, 0.774000,   1.0, 0.0,    0.048208,  0.002233,    0.010506,    0.034644,  -0.023567,  0.7730,    0.005622, -0.000063,  0.006399, -0.000027,   1.0,0.7730, 0.0, 1.0,   5.064818e-04, 2.345685e-05, 2.345685e-05, 1.682070e-06,  4.820661e-04, 2.232607e-05, 2.232607e-05, 1.629700e-06,   8.033420e-09, 2.078505e-08, 2.078505e-08, 5.377761e-08,   0.298764, 0.773000,   1.0, 0.0,    0.048207,  0.002233,    0.010506,    0.021753,   0.016131,  
 0,shunt_unit,1766352208.3460, 0, 0,     0.053174,   0.056608,   0.022559,   0.007175,   0.724370,   0.696304,   0.765982,   4.833703,   2.805047,   2.969443,  0.7710,    0.056785, -0.000375,  0.056608, -0.000383,   1.0,0.7710, 0.0, 1.0,   5.174844e-04, 2.360421e-05, 2.360421e-05, 1.683307e-06,  4.920230e-04, 2.244283e-05, 2.244283e-05, 1.630333e-06,   7.950602e-09, 2.062413e-08, 2.062413e-08, 5.349969e-08,   0.297220, 0.771000,   1.0, 0.0,    0.049202,  0.002244,    0.010517,    0.053174,  -0.003612,  0.7720,    0.006379, -0.000027,  0.007175,  0.000009,   1.0,0.7720, 0.0, 1.0,   5.175168e-04, 2.360491e-05, 2.360491e-05, 1.683338e-06,  4.920523e-04, 2.244342e-05, 2.244342e-05, 1.630361e-06,   7.991931e-09, 2.070448e-08, 2.070448e-08, 5.363856e-08,   0.297992, 0.772000,   1.0, 0.0,    0.049205,  0.002244,    0.010518,    0.022559,   0.016180,  
 0,shunt_unit,1766352209.1180, 0, 0,     0.057202,   0.056357,   0.026587,   0.008154,   0.773185,   0.705652,   0.762939,   5.321862,   2.853045,   3.088174,  0.7720,    0.056312, -0.000383,  0.056357, -0.000381,   1.0,0.7720, 0.0, 1.0,   5.276544e-04, 2.372215e-05, 2.372215e-05, 1.683971e-06,  5.012079e-04, 2.253318e-05, 2.253318e-05, 1.630518e-06,   7.991931e-09, 2.070448e-08, 2.070448e-08, 5.363856e-08,   0.297992, 0.772000,   1.0, 0.0,    0.050121,  0.002253,    0.010528,    0.057202,   0.000890,  0.7720,    0.007182,  0.000009,  0.008154,  0.000053,   1.0,0.7720, 0.0, 1.0,   5.276846e-04, 2.372277e-05, 2.372277e-05, 1.684000e-06,  5.012352e-04, 2.253370e-05, 2.253370e-05, 1.630543e-06,   7.991931e-09, 2.070448e-08, 2.070448e-08, 5.363856e-08,   0.297992, 0.772000,   1.0, 0.0,    0.050124,  0.002253,    0.010528,    0.026587,   0.019405,  
 0,shunt_unit,1766352209.8920, 0, 0,     0.062036,   0.056366,   0.003223,   0.007942,   0.831765,   0.722811,   0.763050,   2.490533,   2.896707,   3.062425,  0.7750,    0.056061, -0.000381,  0.056366, -0.000368,   1.0,0.7750, 0.0, 1.0,   5.371218e-04, 2.381777e-05, 2.381777e-05, 1.684574e-06,  5.097424e-04, 2.260368e-05, 2.260368e-05, 1.630737e-06,   8.116884e-09, 2.094680e-08, 2.094680e-08, 5.405625e-08,   0.300313, 0.775000,   1.0, 0.0,    0.050974,  0.002260,    0.010537,    0.062036,   0.005975,  0.7740,    0.008195,  0.000053,  0.007942,  0.000042,   1.0,0.7740, 0.0, 1.0,   5.371022e-04, 2.381660e-05, 2.381660e-05, 1.684460e-06,  5.097248e-04, 2.260261e-05, 2.260261e-05, 1.630628e-06,   8.075071e-09, 2.086582e-08, 2.086582e-08, 5.391684e-08,   0.299538, 0.774000,   1.0, 0.0,    0.050972,  0.002260,    0.010537,    0.003223,  -0.004973,  
 0,shunt_unit,1766352210.6650, 0, 0,     0.052368,   0.055890,  -0.001611,   0.007478,   0.714607,   0.731341,   0.757282,   1.904733,   2.918185,   3.006229,  0.7720,    0.056082, -0.000368,  0.055890, -0.000376,   1.0,0.7720, 0.0, 1.0,   5.456224e-04, 2.388332e-05, 2.388332e-05, 1.684376e-06,  5.173923e-04, 2.264761e-05, 2.264761e-05, 1.630286e-06,   7.991931e-09, 2.070448e-08, 2.070448e-08, 5.363856e-08,   0.297992, 0.772000,   1.0, 0.0,    0.051739,  0.002265,    0.010546,    0.052368,  -0.003714,  0.7730,    0.007974,  0.000042,  0.007478,  0.000020,   1.0,0.7730, 0.0, 1.0,   5.456508e-04, 2.388387e-05, 2.388387e-05, 1.684406e-06,  5.174179e-04, 2.264808e-05, 2.264808e-05, 1.630314e-06,   8.033420e-09, 2.078505e-08, 2.078505e-08, 5.377761e-08,   0.298764, 0.773000,   1.0, 0.0,    0.051742,  0.002265,    0.010546,   -0.001611,  -0.009586,  
 0,shunt_unit,1766352211.4860, 0, 0,     0.078955,   0.056812,   0.006445,   0.007439,   1.036792,   0.757620,   0.768453,   2.881052,   2.933670,   3.001524,  0.8210,    0.055581, -0.000376,  0.056812, -0.000323,   1.0,0.8210, 0.0, 1.0,   5.556888e-04, 2.401098e-05, 2.401098e-05, 1.690949e-06,  5.264354e-04, 2.274696e-05, 2.274696e-05, 1.636332e-06,   1.022245e-08, 2.490244e-08, 2.490244e-08, 6.066369e-08,   0.337020, 0.821000,   1.0, 0.0,    0.052644,  0.002275,    0.010556,    0.078955,   0.023374,  0.8210,    0.007495,  0.000020,  0.007439,  0.000018,   1.0,0.8210, 0.0, 1.0,   5.557151e-04, 2.401147e-05, 2.401147e-05, 1.690977e-06,  5.264590e-04, 2.274736e-05, 2.274736e-05, 1.636358e-06,   1.022245e-08, 2.490244e-08, 2.490244e-08, 6.066369e-08,   0.337020, 0.821000,   1.0, 0.0,    0.052646,  0.002275,    0.010556,    0.006445,  -0.001049,  
 0,shunt_unit,1766352212.2590, 0, 0,     0.058008,   0.056639,   0.012085,   0.007700,   0.782948,   0.785066,   0.766362,   3.564477,   2.954182,   3.033072,  0.7730,    0.056562, -0.000323,  0.056639, -0.000320,   1.0,0.7730, 0.0, 1.0,   5.625879e-04, 2.403262e-05, 2.403262e-05, 1.690109e-06,  5.326232e-04, 2.275259e-05, 2.275259e-05, 1.635429e-06,   8.033420e-09, 2.078505e-08, 2.078505e-08, 5.377761e-08,   0.298764, 0.773000,   1.0, 0.0,    0.053262,  0.002275,    0.010563,    0.058008,   0.001446,  0.7730,    0.007453,  0.000018,  0.007700,  0.000028,   1.0,0.7730, 0.0, 1.0,   5.626122e-04, 2.403305e-05, 2.403305e-05, 1.690135e-06,  5.326450e-04, 2.275294e-05, 2.275294e-05, 1.635453e-06,   8.033420e-09, 2.078505e-08, 2.078505e-08, 5.377761e-08,   0.298764, 0.773000,   1.0, 0.0,    0.053264,  0.002275,    0.010563,    0.012085,   0.004632,  
 0,shunt_unit,1766352213.0300, 0, 0,     0.056396,   0.056393,   0.008057,   0.007740,   0.763423,   0.782923,   0.763375,   3.076318,   2.975173,   3.037888,  0.7720,    0.056392, -0.000320,  0.056393, -0.000320,   1.0,0.7720, 0.0, 1.0,   5.687359e-04, 2.403585e-05, 2.403585e-05, 1.689068e-06,  5.381305e-04, 2.274240e-05, 2.274240e-05, 1.634404e-06,   7.991931e-09, 2.070448e-08, 2.070448e-08, 5.363856e-08,   0.297992, 0.772000,   1.0, 0.0,    0.053813,  0.002274,    0.010569,    0.056396,   0.000004,  0.7710,    0.007721,  0.000028,  0.007740,  0.000029,   1.0,0.7710, 0.0, 1.0,   5.687101e-04, 2.403450e-05, 2.403450e-05, 1.688953e-06,  5.381074e-04, 2.274119e-05, 2.274119e-05, 1.634295e-06,   7.950602e-09, 2.062413e-08, 2.062413e-08, 5.349969e-08,   0.297220, 0.771000,   1.0, 0.0,    0.053811,  0.002274,    0.010569,    0.008057,   0.000335,  
 0,shunt_unit,1766352213.8060, 0, 0,     0.070093,   0.056902,   0.033032,   0.009135,   0.929397,   0.794520,   0.769554,   6.102914,   3.015258,   3.206950,  0.7750,    0.056145, -0.000320,  0.056902, -0.000288,   1.0,0.7750, 0.0, 1.0,   5.743710e-04, 2.403001e-05, 2.403001e-05, 1.688460e-06,  5.431727e-04, 2.272477e-05, 2.272477e-05, 1.633853e-06,   8.116884e-09, 2.094680e-08, 2.094680e-08, 5.405625e-08,   0.300313, 0.775000,   1.0, 0.0,    0.054317,  0.002272,    0.010574,    0.070093,   0.013948,  0.7760,    0.007762,  0.000029,  0.009135,  0.000086,   1.0,0.7760, 0.0, 1.0,   5.743940e-04, 2.403043e-05, 2.403043e-05, 1.688491e-06,  5.431933e-04, 2.272511e-05, 2.272511e-05, 1.633882e-06,   8.158859e-09, 2.102799e-08, 2.102799e-08, 5.419584e-08,   0.301088, 0.776000,   1.0, 0.0,    0.054319,  0.002273,    0.010574,    0.033032,   0.025270,  
 0,shunt_unit,1766352214.5770, 0, 0,     0.070898,   0.057459,   0.000000,   0.008697,   0.939160,   0.819193,   0.776298,   2.100000,   3.055871,   3.153970,  0.7710,    0.056681, -0.000288,  0.057459, -0.000256,   1.0,0.7710, 0.0, 1.0,   5.791935e-04, 2.400509e-05, 2.400509e-05, 1.687353e-06,  5.474836e-04, 2.269086e-05, 2.269086e-05, 1.632883e-06,   7.950602e-09, 2.062413e-08, 2.062413e-08, 5.349969e-08,   0.297220, 0.771000,   1.0, 0.0,    0.054748,  0.002269,    0.010579,    0.070898,   0.014218,  0.7710,    0.009201,  0.000086,  0.008697,  0.000065,   1.0,0.7710, 0.0, 1.0,   5.792147e-04, 2.400546e-05, 2.400546e-05, 1.687381e-06,  5.475025e-04, 2.269115e-05, 2.269115e-05, 1.632910e-06,   7.950602e-09, 2.062413e-08, 2.062413e-08, 5.349969e-08,   0.297220, 0.771000,   1.0, 0.0,    0.054750,  0.002269,    0.010579,    0.000000,  -0.009201,  
 0,shunt_unit,1766352215.3480, 0, 0,     0.051563,   0.056948,   0.000806,   0.008310,   0.704844,   0.819026,   0.770102,   2.197626,   3.071112,   3.107026,  0.7710,    0.057262, -0.000256,  0.056948, -0.000269,   1.0,0.7710, 0.0, 1.0,   5.834515e-04, 2.397043e-05, 2.397043e-05, 1.686383e-06,  5.512866e-04, 2.264897e-05, 2.264897e-05, 1.632092e-06,   7.950602e-09, 2.062413e-08, 2.062413e-08, 5.349969e-08,   0.297220, 0.771000,   1.0, 0.0,    0.055129,  0.002265,    0.010583,    0.051563,  -0.005699,  0.7710,    0.008748,  0.000065,  0.008310,  0.000047,   1.0,0.7710, 0.0, 1.0,   5.834709e-04, 2.397075e-05, 2.397075e-05, 1.686410e-06,  5.513039e-04, 2.264924e-05, 2.264924e-05, 1.632118e-06,   7.950602e-09, 2.062413e-08, 2.062413e-08, 5.349969e-08,   0.297220, 0.771000,   1.0, 0.0,    0.055130,  0.002265,    0.010583,    0.000806,  -0.007942,  
 0,shunt_unit,1766352216.1240, 0, 0,     0.060425,   0.056944,   0.008057,   0.008331,   0.812239,   0.808725,   0.770055,   3.076318,   3.083979,   3.109539,  0.7760,    0.056739, -0.000269,  0.056944, -0.000260,   1.0,0.7760, 0.0, 1.0,   5.874288e-04, 2.393651e-05, 2.393651e-05, 1.686288e-06,  5.548361e-04, 2.260842e-05, 2.260842e-05, 1.632171e-06,   8.158859e-09, 2.102799e-08, 2.102799e-08, 5.419584e-08,   0.301088, 0.776000,   1.0, 0.0,    0.055484,  0.002261,    0.010587,    0.060425,   0.003686,  0.7760,    0.008347,  0.000047,  0.008331,  0.000047,   1.0,0.7760, 0.0, 1.0,   5.874465e-04, 2.393679e-05, 2.393679e-05, 1.686314e-06,  5.548519e-04, 2.260865e-05, 2.260865e-05, 1.632196e-06,   8.158859e-09, 2.102799e-08, 2.102799e-08, 5.419584e-08,   0.301088, 0.776000,   1.0, 0.0,    0.055485,  0.002261,    0.010587,    0.008057,  -0.000290,  
 0,shunt_unit,1766352216.8950, 0, 0,     0.045117,   0.056094,   0.004028,   0.008125,   0.626738,   0.792460,   0.759763,   2.588159,   3.093431,   3.084590,  0.7720,    0.056743, -0.000260,  0.056094, -0.000286,   1.0,0.7720, 0.0, 1.0,   5.907242e-04, 2.388916e-05, 2.388916e-05, 1.685810e-06,  5.577751e-04, 2.255668e-05, 2.255668e-05, 1.631924e-06,   7.991931e-09, 2.070448e-08, 2.070448e-08, 5.363856e-08,   0.297992, 0.772000,   1.0, 0.0,    0.055778,  0.002256,    0.010591,    0.045117,  -0.011626,  0.7710,    0.008367,  0.000047,  0.008125,  0.000037,   1.0,0.7710, 0.0, 1.0,   5.906927e-04, 2.388770e-05, 2.388770e-05, 1.685696e-06,  5.577470e-04, 2.255537e-05, 2.255537e-05, 1.631816e-06,   7.950602e-09, 2.062413e-08, 2.062413e-08, 5.349969e-08,   0.297220, 0.771000,   1.0, 0.0,    0.055775,  0.002256,    0.010591,    0.004028,  -0.004339,  
 0,shunt_unit,1766352217.7170, 0, 0,     0.049951,   0.055527,  -0.010474,   0.007108,   0.685318,   0.768707,   0.752887,   0.830789,   3.082182,   2.961313,  0.8210,    0.055859, -0.000286,  0.055527, -0.000300,   1.0,0.8210, 0.0, 1.0,   5.959234e-04, 2.392140e-05, 2.392140e-05, 1.692587e-06,  5.624082e-04, 2.257604e-05, 2.257604e-05, 1.638582e-06,   1.022245e-08, 2.490244e-08, 2.490244e-08, 6.066369e-08,   0.337020, 0.821000,   1.0, 0.0,    0.056241,  0.002258,    0.010596,    0.049951,  -0.005908,  0.8220,    0.008155,  0.000037,  0.007108, -0.000005,   1.0,0.8220, 0.0, 1.0,   5.959408e-04, 2.392171e-05, 2.392171e-05, 1.692628e-06,  5.624237e-04, 2.257630e-05, 2.257630e-05, 1.638621e-06,   1.027235e-08, 2.499355e-08, 2.499355e-08, 6.081156e-08,   0.337842, 0.822000,   1.0, 0.0,    0.056242,  0.002258,    0.010596,   -0.010474,  -0.018629,  
 0,shunt_unit,1766352218.4900, 0, 0,     0.068481,   0.056040,   0.010474,   0.007294,   0.909871,   0.774787,   0.759100,   3.369225,   3.066468,   2.983897,  0.7730,    0.055295, -0.000300,  0.056040, -0.000270,   1.0,0.7730, 0.0, 1.0,   5.982979e-04, 2.386345e-05, 2.386345e-05, 1.692360e-06,  5.645226e-04, 2.251630e-05, 2.251630e-05, 1.638628e-06,   8.033420e-09, 2.078505e-08, 2.078505e-08, 5.377761e-08,   0.298764, 0.773000,   1.0, 0.0,    0.056452,  0.002252,    0.010598,    0.068481,   0.013186,  0.7730,    0.007104, -0.000005,  0.007294,  0.000003,   1.0,0.7730, 0.0, 1.0,   5.983138e-04, 2.386374e-05, 2.386374e-05, 1.692399e-06,  5.645368e-04, 2.251654e-05, 2.251654e-05, 1.638666e-06,   8.033420e-09, 2.078505e-08, 2.078505e-08, 5.377761e-08,   0.298764, 0.773000,   1.0, 0.0,    0.056454,  0.002252,    0.010598,    0.010474,   0.003370,  
 0,shunt_unit,1766352219.2530, 0, 0,     0.061231,   0.056139,  -0.024170,   0.005515,   0.822003,   0.790555,   0.760304,  -0.828955,   3.031501,   2.768347,  0.7630,    0.055834, -0.000270,  0.056139, -0.000258,   1.0,0.7630, 0.0, 1.0,   5.998441e-04, 2.378656e-05, 2.378656e-05, 1.691024e-06,  5.658989e-04, 2.244048e-05, 2.244048e-05, 1.637645e-06,   7.625717e-09, 1.998877e-08, 1.998877e-08, 5.239521e-08,   0.291085, 0.763000,   1.0, 0.0,    0.056590,  0.002244,    0.010600,    0.061231,   0.005397,  0.7630,    0.007296,  0.000003,  0.005515, -0.000068,   1.0,0.7630, 0.0, 1.0,   5.998587e-04, 2.378683e-05, 2.378683e-05, 1.691061e-06,  5.659119e-04, 2.244071e-05, 2.244071e-05, 1.637682e-06,   7.625717e-09, 1.998877e-08, 1.998877e-08, 5.239521e-08,   0.291085, 0.763000,   1.0, 0.0,    0.056591,  0.002244,    0.010600,   -0.024170,  -0.031466,  
 0,shunt_unit,1766352220.0230, 0, 0,     0.060425,   0.056195,   0.007251,   0.005564,   0.812239,   0.795142,   0.760980,   2.978692,   2.983079,   2.774292,  0.7700,    0.055940, -0.000258,  0.056195, -0.000248,   1.0,0.7700, 0.0, 1.0,   6.014362e-04, 2.372202e-05, 2.372202e-05, 1.691006e-06,  5.673157e-04, 2.237623e-05, 2.237623e-05, 1.637925e-06,   7.909434e-09, 2.054398e-08, 2.054398e-08, 5.336100e-08,   0.296450, 0.770000,   1.0, 0.0,    0.056732,  0.002238,    0.010601,    0.060425,   0.004484,  0.7700,    0.005463, -0.000068,  0.005564, -0.000064,   1.0,0.7700, 0.0, 1.0,   6.014495e-04, 2.372227e-05, 2.372227e-05, 1.691043e-06,  5.673276e-04, 2.237644e-05, 2.237644e-05, 1.637961e-06,   7.909434e-09, 2.054398e-08, 2.054398e-08, 5.336100e-08,   0.296450, 0.770000,   1.0, 0.0,    0.056733,  0.002238,    0.010601,    0.007251,   0.001788,  
 0,shunt_unit,1766352220.7940, 0, 0,     0.050757,   0.055705,   0.007251,   0.005614,   0.695080,   0.787549,   0.755046,   2.978692,   2.952922,   2.780269,  0.7720,    0.056004, -0.000248,  0.055705, -0.000260,   1.0,0.7720, 0.0, 1.0,   6.028488e-04, 2.366141e-05, 2.366141e-05, 1.691564e-06,  5.685725e-04, 2.231609e-05, 2.231609e-05, 1.638761e-06,   7.991931e-09, 2.070448e-08, 2.070448e-08, 5.363856e-08,   0.297992, 0.772000,   1.0, 0.0,    0.056857,  0.002232,    0.010603,    0.050757,  -0.005247,  0.7710,    0.005515, -0.000064,  0.005614, -0.000060,   1.0,0.7710, 0.0, 1.0,   6.028137e-04, 2.365993e-05, 2.365993e-05, 1.691461e-06,  5.685413e-04, 2.231477e-05, 2.231477e-05, 1.638664e-06,   7.950602e-09, 2.062413e-08, 2.062413e-08, 5.349969e-08,   0.297220, 0.771000,   1.0, 0.0,    0.056854,  0.002231,    0.010603,    0.007251,   0.001736,  
 0,shunt_unit,1766352221.5680, 0, 0,     0.062842,   0.055922,  -0.014502,   0.004424,   0.841528,   0.784587,   0.757679,   0.342630,   2.906662,   2.636084,  0.7730,    0.055505, -0.000260,  0.055922, -0.000243,   1.0,0.7730, 0.0, 1.0,   6.040604e-04, 2.360364e-05, 2.360364e-05, 1.692539e-06,  5.696501e-04, 2.225905e-05, 2.225905e-05, 1.639999e-06,   8.033420e-09, 2.078505e-08, 2.078505e-08, 5.377761e-08,   0.298764, 0.773000,   1.0, 0.0,    0.056965,  0.002226,    0.010604,    0.062842,   0.007337,  0.7740,    0.005567, -0.000060,  0.004424, -0.000105,   1.0,0.7740, 0.0, 1.0,   6.040743e-04, 2.360396e-05, 2.360396e-05, 1.692581e-06,  5.696625e-04, 2.225933e-05, 2.225933e-05, 1.640040e-06,   8.075071e-09, 2.086582e-08, 2.086582e-08, 5.391684e-08,   0.299538, 0.774000,   1.0, 0.0,    0.056966,  0.002226,    0.010604,   -0.014502,  -0.020069,  
 0,shunt_unit,1766352222.3380, 0, 0,     0.051563,   0.055497,   0.004834,   0.004371,   0.704844,   0.782194,   0.752522,   2.685785,   2.854395,   2.629694,  0.7710,    0.055735, -0.000243,  0.055497, -0.000253,   1.0,0.7710, 0.0, 1.0,   6.049564e-04, 2.354412e-05, 2.354412e-05, 1.693499e-06,  5.704468e-04, 2.220105e-05, 2.220105e-05, 1.641228e-06,   7.950602e-09, 2.062413e-08, 2.062413e-08, 5.349969e-08,   0.297220, 0.771000,   1.0, 0.0,    0.057045,  0.002220,    0.010605,    0.051563,  -0.004172,  0.7700,    0.004343, -0.000105,  0.004371, -0.000104,   1.0,0.7700, 0.0, 1.0,   6.049221e-04, 2.354270e-05, 2.354270e-05, 1.693401e-06,  5.704164e-04, 2.219979e-05, 2.219979e-05, 1.641137e-06,   7.909434e-09, 2.054398e-08, 2.054398e-08, 5.336100e-08,   0.296450, 0.770000,   1.0, 0.0,    0.057042,  0.002220,    0.010605,    0.004834,   0.000491,  
 0,shunt_unit,1766352223.1110, 0, 0,     0.060425,   0.055595,  -0.014502,   0.003218,   0.812239,   0.778354,   0.753705,   0.342630,   2.797554,   2.489909,  0.7720,    0.055302, -0.000253,  0.055595, -0.000241,   1.0,0.7720, 0.0, 1.0,   6.057114e-04, 2.348878e-05, 2.348878e-05, 1.694867e-06,  5.711181e-04, 2.214730e-05, 2.214730e-05, 1.642846e-06,   7.991931e-09, 2.070448e-08, 2.070448e-08, 5.363856e-08,   0.297992, 0.772000,   1.0, 0.0,    0.057112,  0.002215,    0.010606,    0.060425,   0.005123,  0.7730,    0.004291, -0.000104,  0.003218, -0.000145,   1.0,0.7730, 0.0, 1.0,   6.057259e-04, 2.348917e-05, 2.348917e-05, 1.694914e-06,  5.711310e-04, 2.214763e-05, 2.214763e-05, 1.642891e-06,   8.033420e-09, 2.078505e-08, 2.078505e-08, 5.377761e-08,   0.298764, 0.773000,   1.0, 0.0,    0.057113,  0.002215,    0.010606,   -0.014502,  -0.018793,  
 0,shunt_unit,1766352223.9330, 0, 0,     0.067676,   0.056101,   0.010474,   0.003521,   0.900108,   0.792277,   0.759839,   3.369211,   2.742454,   2.526708,  0.8220,    0.055396, -0.000241,  0.056101, -0.000214,   1.0,0.8220, 0.0, 1.0,   6.086486e-04, 2.352271e-05, 2.352271e-05, 1.703657e-06,  5.737287e-04, 2.217314e-05, 2.217314e-05, 1.651500e-06,   1.027235e-08, 2.499355e-08, 2.499355e-08, 6.081156e-08,   0.337842, 0.822000,   1.0, 0.0,    0.057373,  0.002217,    0.010609,    0.067676,   0.012280,  0.8220,    0.003098, -0.000145,  0.003521, -0.000129,   1.0,0.8220, 0.0, 1.0,   6.086621e-04, 2.352308e-05, 2.352308e-05, 1.703703e-06,  5.737407e-04, 2.217347e-05, 2.217347e-05, 1.651544e-06,   1.027235e-08, 2.499355e-08, 2.499355e-08, 6.081156e-08,   0.337842, 0.822000,   1.0, 0.0,    0.057374,  0.002217,    0.010609,    0.010474,   0.007376,  
 0,shunt_unit,1766352224.7040, 0, 0,     0.100708,   0.058506,   0.010474,   0.003827,   1.300398,   0.850759,   0.788981,   3.369225,   2.709870,   2.563704,  0.7710,    0.055936, -0.000214,  0.058506, -0.000115,   1.0,0.7710, 0.0, 1.0,   6.089093e-04, 2.346707e-05, 2.346707e-05, 1.705000e-06,  5.739604e-04, 2.212016e-05, 2.212016e-05, 1.653090e-06,   7.950602e-09, 2.062413e-08, 2.062413e-08, 5.349969e-08,   0.297220, 0.771000,   1.0, 0.0,    0.057396,  0.002212,    0.010609,    0.100708,   0.044772,  0.7710,    0.003422, -0.000129,  0.003827, -0.000113,   1.0,0.7710, 0.0, 1.0,   6.089218e-04, 2.346743e-05, 2.346743e-05, 1.705044e-06,  5.739715e-04, 2.212047e-05, 2.212047e-05, 1.653133e-06,   7.950602e-09, 2.062413e-08, 2.062413e-08, 5.349969e-08,   0.297220, 0.771000,   1.0, 0.0,    0.057397,  0.002212,    0.010609,    0.010474,   0.007052,  
 0,shunt_unit,1766352225.4750, 0, 0,     0.058813,   0.058440,   0.015308,   0.004403,   0.792712,   0.883656,   0.788182,   3.954996,   2.691741,   2.633590,  0.7720,    0.058417, -0.000115,  0.058440, -0.000114,   1.0,0.7720, 0.0, 1.0,   6.091071e-04, 2.341705e-05, 2.341705e-05, 1.706729e-06,  5.741361e-04, 2.207259e-05, 2.207259e-05, 1.655041e-06,   7.991931e-09, 2.070448e-08, 2.070448e-08, 5.363856e-08,   0.297992, 0.772000,   1.0, 0.0,    0.057414,  0.002207,    0.010609,    0.058813,   0.000397,  0.7710,    0.003739, -0.000113,  0.004403, -0.000088,   1.0,0.7710, 0.0, 1.0,   6.090719e-04, 2.341566e-05, 2.341566e-05, 1.706632e-06,  5.741048e-04, 2.207136e-05, 2.207136e-05, 1.654951e-06,   7.950602e-09, 2.062413e-08, 2.062413e-08, 5.349969e-08,   0.297220, 0.771000,   1.0, 0.0,    0.057410,  0.002207,    0.010609,    0.015308,   0.011568,  
 0,shunt_unit,1766352226.2470, 0, 0,     0.058008,   0.058332,   0.000806,   0.004133,   0.782950,   0.866829,   0.786877,   2.197626,   2.676309,   2.600807,  0.7710,    0.058352, -0.000114,  0.058332, -0.000115,   1.0,0.7710, 0.0, 1.0,   6.091638e-04, 2.336925e-05, 2.336925e-05, 1.708541e-06,  5.741864e-04, 2.202742e-05, 2.202742e-05, 1.657064e-06,   7.950602e-09, 2.062413e-08, 2.062413e-08, 5.349969e-08,   0.297220, 0.771000,   1.0, 0.0,    0.057419,  0.002203,    0.010609,    0.058008,  -0.000344,  0.7720,    0.004335, -0.000088,  0.004133, -0.000096,   1.0,0.7720, 0.0, 1.0,   6.091772e-04, 2.336968e-05, 2.336968e-05, 1.708589e-06,  5.741984e-04, 2.202780e-05, 2.202780e-05, 1.657111e-06,   7.991931e-09, 2.070448e-08, 2.070448e-08, 5.363856e-08,   0.297992, 0.772000,   1.0, 0.0,    0.057420,  0.002203,    0.010609,    0.000806,  -0.003530,  
 0,shunt_unit,1766352227.0180, 0, 0,     0.044312,   0.057443,   0.004834,   0.004103,   0.616975,   0.837073,   0.776108,   2.685785,   2.657618,   2.597262,  0.7720,    0.058243, -0.000115,  0.057443, -0.000145,   1.0,0.7720, 0.0, 1.0,   6.091923e-04, 2.332738e-05, 2.332738e-05, 1.710703e-06,  5.742118e-04, 2.198789e-05, 2.198789e-05, 1.659411e-06,   7.991931e-09, 2.070448e-08, 2.070448e-08, 5.363856e-08,   0.297992, 0.772000,   1.0, 0.0,    0.057421,  0.002199,    0.010609,    0.044312,  -0.013932,  0.7710,    0.004059, -0.000096,  0.004103, -0.000094,   1.0,0.7710, 0.0, 1.0,   6.091583e-04, 2.332606e-05, 2.332606e-05, 1.710611e-06,  5.741815e-04, 2.198672e-05, 2.198672e-05, 1.659325e-06,   7.950602e-09, 2.062413e-08, 2.062413e-08, 5.349969e-08,   0.297220, 0.771000,   1.0, 0.0,    0.057418,  0.002199,    0.010609,    0.004834,   0.000775,  
 0,shunt_unit,1766352227.7910, 0, 0,     0.064453,   0.057740,  -0.004028,   0.003568,   0.861055,   0.820569,   0.779703,   1.611841,   2.635617,   2.532384,  0.7720,    0.057331, -0.000145,  0.057740, -0.000130,   1.0,0.7720, 0.0, 1.0,   6.091581e-04, 2.328966e-05, 2.328966e-05, 1.713050e-06,  5.741813e-04, 2.195241e-05, 2.195241e-05, 1.661923e-06,   7.991931e-09, 2.070448e-08, 2.070448e-08, 5.363856e-08,   0.297992, 0.772000,   1.0, 0.0,    0.057418,  0.002195,    0.010609,    0.064453,   0.007122,  0.7730,    0.004031, -0.000094,  0.003568, -0.000112,   1.0,0.7730, 0.0, 1.0,   6.091725e-04, 2.329016e-05, 2.329016e-05, 1.713102e-06,  5.741942e-04, 2.195285e-05, 2.195285e-05, 1.661974e-06,   8.033420e-09, 2.078505e-08, 2.078505e-08, 5.377761e-08,   0.298764, 0.773000,   1.0, 0.0,    0.057419,  0.002195,    0.010609,   -0.004028,  -0.008059,  
 0,shunt_unit,1766352228.5620, 0, 0,     0.070093,   0.058355,   0.013696,   0.004068,   0.929397,   0.833881,   0.787153,   3.759744,   2.620580,   2.593011,  0.7720,    0.057640, -0.000130,  0.058355, -0.000103,   1.0,0.7720, 0.0, 1.0,   6.090743e-04, 2.325612e-05, 2.325612e-05, 1.715562e-06,  5.741070e-04, 2.192097e-05, 2.192097e-05, 1.664582e-06,   7.991931e-09, 2.070448e-08, 2.070448e-08, 5.363856e-08,   0.297992, 0.772000,   1.0, 0.0,    0.057411,  0.002192,    0.010609,    0.070093,   0.012453,  0.7710,    0.003482, -0.000112,  0.004068, -0.000089,   1.0,0.7710, 0.0, 1.0,   6.090414e-04, 2.325486e-05, 2.325486e-05, 1.715473e-06,  5.740777e-04, 2.191985e-05, 2.191985e-05, 1.664499e-06,   7.950602e-09, 2.062413e-08, 2.062413e-08, 5.349969e-08,   0.297220, 0.771000,   1.0, 0.0,    0.057408,  0.002192,    0.010609,    0.013696,   0.010214,  
 0,shunt_unit,1766352229.3320, 0, 0,     0.045923,   0.057567,  -0.008862,   0.003261,   0.636502,   0.824128,   0.777605,   1.026055,   2.603668,   2.495234,  0.7700,    0.058276, -0.000103,  0.057567, -0.000130,   1.0,0.7700, 0.0, 1.0,   6.088601e-04, 2.322325e-05, 2.322325e-05, 1.717943e-06,  5.739166e-04, 2.189042e-05, 2.189042e-05, 1.667106e-06,   7.909434e-09, 2.054398e-08, 2.054398e-08, 5.336100e-08,   0.296450, 0.770000,   1.0, 0.0,    0.057392,  0.002189,    0.010609,    0.045923,  -0.012353,  0.7700,    0.004000, -0.000089,  0.003261, -0.000117,   1.0,0.7700, 0.0, 1.0,   6.088290e-04, 2.322206e-05, 2.322206e-05, 1.717860e-06,  5.738890e-04, 2.188937e-05, 2.188937e-05, 1.667028e-06,   7.909434e-09, 2.054398e-08, 2.054398e-08, 5.336100e-08,   0.296450, 0.770000,   1.0, 0.0,    0.057389,  0.002189,    0.010609,   -0.008862,  -0.012862,  
 0,shunt_unit,1766352230.1520, 0, 0,     0.058813,   0.057538,   0.025781,   0.004467,   0.792712,   0.805389,   0.777261,   5.224221,   2.598483,   2.641359,  0.8200,    0.057461, -0.000130,  0.057538, -0.000127,   1.0,0.8200, 0.0, 1.0,   6.109480e-04, 2.328226e-05, 2.328226e-05, 1.727622e-06,  5.757714e-04, 2.194174e-05, 2.194174e-05, 1.676537e-06,   1.017274e-08, 2.481156e-08, 2.481156e-08, 6.051600e-08,   0.336200, 0.820000,   1.0, 0.0,    0.057577,  0.002194,    0.010611,    0.058813,   0.001353,  0.8200,    0.003165, -0.000117,  0.004467, -0.000068,   1.0,0.8200, 0.0, 1.0,   6.109186e-04, 2.328114e-05, 2.328114e-05, 1.727544e-06,  5.757453e-04, 2.194074e-05, 2.194074e-05, 1.676464e-06,   1.017274e-08, 2.481156e-08, 2.481156e-08, 6.051600e-08,   0.336200, 0.820000,   1.0, 0.0,    0.057575,  0.002194,    0.010611,    0.025781,   0.022616,  
 0,shunt_unit,1766352230.9240, 0, 0,     0.060425,   0.057613,   0.011279,   0.004810,   0.812239,   0.804911,   0.778160,   3.466851,   2.616791,   2.682888,  0.7710,    0.057441, -0.000127,  0.057613, -0.000120,   1.0,0.7710, 0.0, 1.0,   6.106101e-04, 2.325497e-05, 2.325497e-05, 1.730037e-06,  5.754713e-04, 2.191671e-05, 2.191671e-05, 1.679069e-06,   7.950602e-09, 2.062413e-08, 2.062413e-08, 5.349969e-08,   0.297220, 0.771000,   1.0, 0.0,    0.057547,  0.002192,    0.010611,    0.060425,   0.002984,  0.7720,    0.004415, -0.000068,  0.004810, -0.000053,   1.0,0.7720, 0.0, 1.0,   6.106289e-04, 2.325568e-05, 2.325568e-05, 1.730102e-06,  5.754880e-04, 2.191734e-05, 2.191734e-05, 1.679132e-06,   7.991931e-09, 2.070448e-08, 2.070448e-08, 5.363856e-08,   0.297992, 0.772000,   1.0, 0.0,    0.057549,  0.002192,    0.010611,    0.011279,   0.006864,  
 0,shunt_unit,1766352231.6970, 0, 0,     0.045923,   0.056853,   0.002417,   0.004634,   0.636502,   0.790278,   0.768951,   2.392893,   2.626402,   2.661548,  0.7730,    0.057520, -0.000120,  0.056853, -0.000145,   1.0,0.7730, 0.0, 1.0,   6.103658e-04, 2.323542e-05, 2.323542e-05, 1.732847e-06,  5.752543e-04, 2.189879e-05, 2.189879e-05, 1.681964e-06,   8.033420e-09, 2.078505e-08, 2.078505e-08, 5.377761e-08,   0.298764, 0.773000,   1.0, 0.0,    0.057525,  0.002190,    0.010610,    0.045923,  -0.011597,  0.7730,    0.004769, -0.000053,  0.004634, -0.000058,   1.0,0.7730, 0.0, 1.0,   6.103835e-04, 2.323609e-05, 2.323609e-05, 1.732910e-06,  5.752700e-04, 2.189939e-05, 2.189939e-05, 1.682024e-06,   8.033420e-09, 2.078505e-08, 2.078505e-08, 5.377761e-08,   0.298764, 0.773000,   1.0, 0.0,    0.057527,  0.002190,    0.010610,    0.002417,  -0.002352,  
 0,shunt_unit,1766352232.4690, 0, 0,     0.041089,   0.055840,   0.002417,   0.004464,   0.577923,   0.757944,   0.756684,   2.392893,   2.630129,   2.640995,  0.7720,    0.056740, -0.000145,  0.055840, -0.000180,   1.0,0.7720, 0.0, 1.0,   6.100764e-04, 2.321797e-05, 2.321797e-05, 1.735603e-06,  5.749972e-04, 2.188295e-05, 2.188295e-05, 1.684795e-06,   7.991931e-09, 2.070448e-08, 2.070448e-08, 5.363856e-08,   0.297992, 0.772000,   1.0, 0.0,    0.057500,  0.002188,    0.010610,    0.041089,  -0.015651,  0.7720,    0.004589, -0.000058,  0.004464, -0.000063,   1.0,0.7720, 0.0, 1.0,   6.100931e-04, 2.321862e-05, 2.321862e-05, 1.735663e-06,  5.750120e-04, 2.188352e-05, 2.188352e-05, 1.684852e-06,   7.991931e-09, 2.070448e-08, 2.070448e-08, 5.363856e-08,   0.297992, 0.772000,   1.0, 0.0,    0.057501,  0.002188,    0.010610,    0.002417,  -0.002172,  
 0,shunt_unit,1766352233.2400, 0, 0,     0.066870,   0.056344,   0.012891,   0.004903,   0.890344,   0.754646,   0.762783,   3.662118,   2.640863,   2.694164,  0.7710,    0.055702, -0.000180,  0.056344, -0.000155,   1.0,0.7710, 0.0, 1.0,   6.097502e-04, 2.320255e-05, 2.320255e-05, 1.738295e-06,  5.747074e-04, 2.186908e-05, 2.186908e-05, 1.687553e-06,   7.950602e-09, 2.062413e-08, 2.062413e-08, 5.349969e-08,   0.297220, 0.771000,   1.0, 0.0,    0.057471,  0.002187,    0.010610,    0.066870,   0.011168,  0.7710,    0.004416, -0.000063,  0.004903, -0.000044,   1.0,0.7710, 0.0, 1.0,   6.097659e-04, 2.320317e-05, 2.320317e-05, 1.738352e-06,  5.747214e-04, 2.186963e-05, 2.186963e-05, 1.687607e-06,   7.950602e-09, 2.062413e-08, 2.062413e-08, 5.349969e-08,   0.297220, 0.771000,   1.0, 0.0,    0.057472,  0.002187,    0.010610,    0.012891,   0.008475,  
 0,shunt_unit,1766352234.0150, 0, 0,     0.027393,   0.054567,   0.008057,   0.005052,   0.411949,   0.735155,   0.741250,   3.076318,   2.658328,   2.712218,  0.7750,    0.056223, -0.000155,  0.054567, -0.000218,   1.0,0.7750, 0.0, 1.0,   6.096261e-04, 2.319788e-05, 2.319788e-05, 1.741609e-06,  5.745972e-04, 2.186494e-05, 2.186494e-05, 1.690887e-06,   8.116884e-09, 2.094680e-08, 2.094680e-08, 5.405625e-08,   0.300313, 0.775000,   1.0, 0.0,    0.057460,  0.002186,    0.010610,    0.027393,  -0.028831,  0.7750,    0.004869, -0.000044,  0.005052, -0.000037,   1.0,0.7750, 0.0, 1.0,   6.096410e-04, 2.319847e-05, 2.319847e-05, 1.741664e-06,  5.746104e-04, 2.186546e-05, 2.186546e-05, 1.690939e-06,   8.116884e-09, 2.094680e-08, 2.094680e-08, 5.405625e-08,   0.300313, 0.775000,   1.0, 0.0,    0.057461,  0.002187,    0.010610,    0.008057,   0.003188,  
 0,shunt_unit,1766352234.7790, 0, 0,     0.066870,   0.055116,   0.016113,   0.005660,   0.890344,   0.721718,   0.747904,   4.052637,   2.682515,   2.785923,  0.7640,    0.054400, -0.000218,  0.055116, -0.000191,   1.0,0.7640, 0.0, 1.0,   6.090015e-04, 2.317684e-05, 2.317684e-05, 1.743420e-06,  5.740422e-04, 2.184639e-05, 2.184639e-05, 1.692787e-06,   7.665773e-09, 2.006747e-08, 2.006747e-08, 5.253264e-08,   0.291848, 0.764000,   1.0, 0.0,    0.057404,  0.002185,    0.010609,    0.066870,   0.012470,  0.7640,    0.005024, -0.000037,  0.005660, -0.000013,   1.0,0.7640, 0.0, 1.0,   6.090155e-04, 2.317741e-05, 2.317741e-05, 1.743472e-06,  5.740547e-04, 2.184690e-05, 2.184690e-05, 1.692836e-06,   7.665773e-09, 2.006747e-08, 2.006747e-08, 5.253264e-08,   0.291848, 0.764000,   1.0, 0.0,    0.057405,  0.002185,    0.010609,    0.016113,   0.011090,  
 0,shunt_unit,1766352235.5470, 0, 0,     0.060425,   0.055282,  -0.022559,   0.004032,   0.812239,   0.744030,   0.749918,  -0.633688,   2.683306,   2.588606,  0.7680,    0.054969, -0.000191,  0.055282, -0.000179,   1.0,0.7680, 0.0, 1.0,   6.086045e-04, 2.316684e-05, 2.316684e-05, 1.745871e-06,  5.736895e-04, 2.183778e-05, 2.183778e-05, 1.695280e-06,   7.827578e-09, 2.038432e-08, 2.038432e-08, 5.308416e-08,   0.294912, 0.768000,   1.0, 0.0,    0.057369,  0.002184,    0.010609,    0.060425,   0.005456,  0.7680,    0.005650, -0.000013,  0.004032, -0.000075,   1.0,0.7680, 0.0, 1.0,   6.086178e-04, 2.316738e-05, 2.316738e-05, 1.745920e-06,  5.737013e-04, 2.183827e-05, 2.183827e-05, 1.695327e-06,   7.827578e-09, 2.038432e-08, 2.038432e-08, 5.308416e-08,   0.294912, 0.768000,   1.0, 0.0,    0.057370,  0.002184,    0.010609,   -0.022559,  -0.028209,  
 0,shunt_unit,1766352236.3680, 0, 0,     0.050757,   0.054883,  -0.001611,   0.003650,   0.695080,   0.745385,   0.745082,   1.904733,   2.659935,   2.542257,  0.8210,    0.055135, -0.000179,  0.054883, -0.000189,   1.0,0.8210, 0.0, 1.0,   6.107001e-04, 2.325451e-05, 2.325451e-05, 1.755943e-06,  5.755512e-04, 2.191609e-05, 2.191609e-05, 1.704979e-06,   1.022245e-08, 2.490244e-08, 2.490244e-08, 6.066369e-08,   0.337020, 0.821000,   1.0, 0.0,    0.057555,  0.002192,    0.010611,    0.050757,  -0.004378,  0.8210,    0.003971, -0.000075,  0.003650, -0.000087,   1.0,0.8210, 0.0, 1.0,   6.107127e-04, 2.325503e-05, 2.325503e-05, 1.755991e-06,  5.755624e-04, 2.191656e-05, 2.191656e-05, 1.705024e-06,   1.022245e-08, 2.490244e-08, 2.490244e-08, 6.066369e-08,   0.337020, 0.821000,   1.0, 0.0,    0.057556,  0.002192,    0.010611,   -0.001611,  -0.005582,  
 0,shunt_unit,1766352237.1400, 0, 0,     0.074927,   0.055899,   0.017725,   0.004396,   0.987976,   0.764154,   0.757392,   4.247903,   2.658545,   2.632735,  0.7720,    0.054737, -0.000189,  0.055899, -0.000144,   1.0,0.7720, 0.0, 1.0,   6.104137e-04, 2.325304e-05, 2.325304e-05, 1.758617e-06,  5.752968e-04, 2.191530e-05, 2.191530e-05, 1.707657e-06,   7.991931e-09, 2.070448e-08, 2.070448e-08, 5.363856e-08,   0.297992, 0.772000,   1.0, 0.0,    0.057530,  0.002192,    0.010610,    0.074927,   0.020189,  0.7720,    0.003583, -0.000087,  0.004396, -0.000056,   1.0,0.7720, 0.0, 1.0,   6.104257e-04, 2.325354e-05, 2.325354e-05, 1.758662e-06,  5.753075e-04, 2.191575e-05, 2.191575e-05, 1.707700e-06,   7.991931e-09, 2.070448e-08, 2.070448e-08, 5.363856e-08,   0.297992, 0.772000,   1.0, 0.0,    0.057531,  0.002192,    0.010610,    0.017725,   0.014142,  
 0,shunt_unit,1766352237.9150, 0, 0,     0.072510,   0.056749,   0.009668,   0.004659,   0.958687,   0.800786,   0.767691,   3.271585,   2.670102,   2.664546,  0.7750,    0.055787, -0.000144,  0.056749, -0.000108,   1.0,0.7750, 0.0, 1.0,   6.102993e-04, 2.325968e-05, 2.325968e-05, 1.761714e-06,  5.751952e-04, 2.192180e-05, 2.192180e-05, 1.710724e-06,   8.116884e-09, 2.094680e-08, 2.094680e-08, 5.405625e-08,   0.300313, 0.775000,   1.0, 0.0,    0.057520,  0.002192,    0.010610,    0.072510,   0.016723,  0.7750,    0.004353, -0.000056,  0.004659, -0.000044,   1.0,0.7750, 0.0, 1.0,   6.103107e-04, 2.326016e-05, 2.326016e-05, 1.761757e-06,  5.752053e-04, 2.192223e-05, 2.192223e-05, 1.710765e-06,   8.116884e-09, 2.094680e-08, 2.094680e-08, 5.405625e-08,   0.300313, 0.775000,   1.0, 0.0,    0.057521,  0.002192,    0.010610,    0.009668,   0.005315,  
 0,shunt_unit,1766352238.6870, 0, 0,     0.050757,   0.056326,  -0.000806,   0.004312,   0.695080,   0.804633,   0.762565,   2.002374,   2.672862,   2.622581,  0.7720,    0.056665, -0.000108,  0.056326, -0.000121,   1.0,0.7720, 0.0, 1.0,   6.100700e-04, 2.326318e-05, 2.326318e-05, 1.764363e-06,  5.749915e-04, 2.192557e-05, 2.192557e-05, 1.713357e-06,   7.991931e-09, 2.070448e-08, 2.070448e-08, 5.363856e-08,   0.297992, 0.772000,   1.0, 0.0,    0.057499,  0.002193,    0.010610,    0.050757,  -0.005909,  0.7720,    0.004625, -0.000044,  0.004312, -0.000056,   1.0,0.7720, 0.0, 1.0,   6.100808e-04, 2.326364e-05, 2.326364e-05, 1.764404e-06,  5.750011e-04, 2.192598e-05, 2.192598e-05, 1.713396e-06,   7.991931e-09, 2.070448e-08, 2.070448e-08, 5.363856e-08,   0.297992, 0.772000,   1.0, 0.0,    0.057500,  0.002193,    0.010610,   -0.000806,  -0.005430,  
 0,shunt_unit,1766352239.4340, 0, 0,     0.044312,   0.055551,  -0.004834,   0.003748,   0.616975,   0.778330,   0.753179,   1.514215,   2.662323,   2.554204,  0.7480,    0.056235, -0.000121,  0.055551, -0.000147,   1.0,0.7480, 0.0, 1.0,   6.087578e-04, 2.322599e-05, 2.322599e-05, 1.763712e-06,  5.738257e-04, 2.189322e-05, 2.189322e-05, 1.712863e-06,   7.043506e-09, 1.883290e-08, 1.883290e-08, 5.035536e-08,   0.279752, 0.748000,   1.0, 0.0,    0.057383,  0.002189,    0.010609,    0.044312,  -0.011924,  0.7470,    0.004271, -0.000056,  0.003748, -0.000076,   1.0,0.7470, 0.0, 1.0,   6.087216e-04, 2.322464e-05, 2.322464e-05, 1.763617e-06,  5.737935e-04, 2.189203e-05, 2.189203e-05, 1.712773e-06,   7.005916e-09, 1.875747e-08, 1.875747e-08, 5.022081e-08,   0.279004, 0.747000,   1.0, 0.0,    0.057379,  0.002189,    0.010609,   -0.004834,  -0.009104,  
 0,shunt_unit,1766352240.2070, 0, 0,     0.070898,   0.056325,   0.006445,   0.003848,   0.939160,   0.779139,   0.762554,   2.881066,   2.652051,   2.566251,  0.7720,    0.055438, -0.000147,  0.056325, -0.000113,   1.0,0.7720, 0.0, 1.0,   6.086577e-04, 2.323626e-05, 2.323626e-05, 1.766502e-06,  5.737368e-04, 2.190311e-05, 2.190311e-05, 1.715607e-06,   7.991931e-09, 2.070448e-08, 2.070448e-08, 5.363856e-08,   0.297992, 0.772000,   1.0, 0.0,    0.057374,  0.002190,    0.010609,    0.070898,   0.015461,  0.7730,    0.003689, -0.000076,  0.003848, -0.000070,   1.0,0.7730, 0.0, 1.0,   6.086701e-04, 2.323679e-05, 2.323679e-05, 1.766551e-06,  5.737478e-04, 2.190358e-05, 2.190358e-05, 1.715654e-06,   8.033420e-09, 2.078505e-08, 2.078505e-08, 5.377761e-08,   0.298764, 0.773000,   1.0, 0.0,    0.057375,  0.002190,    0.010609,    0.006445,   0.002756,  
 0,shunt_unit,1766352240.9790, 0, 0,     0.063648,   0.056663,   0.018530,   0.004639,   0.851292,   0.799290,   0.766648,   4.345530,   2.660092,   2.662159,  0.7720,    0.056237, -0.000113,  0.056663, -0.000097,   1.0,0.7720, 0.0, 1.0,   6.085856e-04, 2.324826e-05, 2.324826e-05, 1.769246e-06,  5.736727e-04, 2.191457e-05, 2.191457e-05, 1.718298e-06,   7.991931e-09, 2.070448e-08, 2.070448e-08, 5.363856e-08,   0.297992, 0.772000,   1.0, 0.0,    0.057367,  0.002191,    0.010609,    0.063648,   0.007410,  0.7720,    0.003794, -0.000070,  0.004639, -0.000038,   1.0,0.7720, 0.0, 1.0,   6.085974e-04, 2.324877e-05, 2.324877e-05, 1.769292e-06,  5.736832e-04, 2.191503e-05, 2.191503e-05, 1.718343e-06,   7.991931e-09, 2.070448e-08, 2.070448e-08, 5.363856e-08,   0.297992, 0.772000,   1.0, 0.0,    0.057368,  0.002192,    0.010609,    0.018530,   0.014737,  
 0,shunt_unit,1766352241.7550, 0, 0,     0.071704,   0.057455,   0.011279,   0.004992,   0.948924,   0.817261,   0.776249,   3.466851,   2.679353,   2.704998,  0.7760,    0.056587, -0.000097,  0.057455, -0.000064,   1.0,0.7760, 0.0, 1.0,   6.087270e-04, 2.326900e-05, 2.326900e-05, 1.772494e-06,  5.737984e-04, 2.193383e-05, 2.193383e-05, 1.721456e-06,   8.158859e-09, 2.102799e-08, 2.102799e-08, 5.419584e-08,   0.301088, 0.776000,   1.0, 0.0,    0.057380,  0.002193,    0.010609,    0.071704,   0.015117,  0.7760,    0.004610, -0.000038,  0.004992, -0.000023,   1.0,0.7760, 0.0, 1.0,   6.087382e-04, 2.326949e-05, 2.326949e-05, 1.772539e-06,  5.738083e-04, 2.193427e-05, 2.193427e-05, 1.721499e-06,   8.158859e-09, 2.102799e-08, 2.102799e-08, 5.419584e-08,   0.301088, 0.776000,   1.0, 0.0,    0.057381,  0.002193,    0.010609,    0.011279,   0.006670,  
 0,shunt_unit,1766352242.5750, 0, 0,     0.070093,   0.058133,   0.007251,   0.005105,   0.929397,   0.838701,   0.784470,   2.978692,   2.696680,   2.718604,  0.8210,    0.057403, -0.000064,  0.058133, -0.000036,   1.0,0.8210, 0.0, 1.0,   6.109843e-04, 2.337205e-05, 2.337205e-05, 1.782120e-06,  5.758036e-04, 2.202628e-05, 2.202628e-05, 1.730640e-06,   1.022245e-08, 2.490244e-08, 2.490244e-08, 6.066369e-08,   0.337020, 0.821000,   1.0, 0.0,    0.057580,  0.002203,    0.010611,    0.070093,   0.012690,  0.8200,    0.004974, -0.000023,  0.005105, -0.000018,   1.0,0.8200, 0.0, 1.0,   6.109482e-04, 2.337071e-05, 2.337071e-05, 1.782015e-06,  5.757716e-04, 2.202509e-05, 2.202509e-05, 1.730540e-06,   1.017274e-08, 2.481156e-08, 2.481156e-08, 6.051600e-08,   0.336200, 0.820000,   1.0, 0.0,    0.057577,  0.002203,    0.010611,    0.007251,   0.002277,  
 0,shunt_unit,1766352243.3460, 0, 0,     0.070093,   0.058796,   0.008057,   0.005262,   0.929397,   0.855512,   0.792499,   3.076318,   2.713716,   2.737612,  0.7710,    0.058106, -0.000036,  0.058796, -0.000009,   1.0,0.7710, 0.0, 1.0,   6.108048e-04, 2.338122e-05, 2.338122e-05, 1.784140e-06,  5.756442e-04, 2.203530e-05, 2.203530e-05, 1.732618e-06,   7.950602e-09, 2.062413e-08, 2.062413e-08, 5.349969e-08,   0.297220, 0.771000,   1.0, 0.0,    0.057564,  0.002204,    0.010611,    0.070093,   0.011987,  0.7710,    0.005091, -0.000018,  0.005262, -0.000011,   1.0,0.7710, 0.0, 1.0,   6.107709e-04, 2.337996e-05, 2.337996e-05, 1.784040e-06,  5.756141e-04, 2.203418e-05, 2.203418e-05, 1.732524e-06,   7.950602e-09, 2.062413e-08, 2.062413e-08, 5.349969e-08,   0.297220, 0.771000,   1.0, 0.0,    0.057561,  0.002203,    0.010611,    0.008057,   0.002966,  
 0,shunt_unit,1766352244.1220, 0, 0,     0.062842,   0.059022,   0.008057,   0.005414,   0.841528,   0.860515,   0.795239,   3.076318,   2.731919,   2.756097,  0.7760,    0.058789, -0.000009,  0.059022, -0.000000,   1.0,0.7760, 0.0, 1.0,   6.108945e-04, 2.340084e-05, 2.340084e-05, 1.786814e-06,  5.757238e-04, 2.205359e-05, 2.205359e-05, 1.735207e-06,   8.158859e-09, 2.102799e-08, 2.102799e-08, 5.419584e-08,   0.301088, 0.776000,   1.0, 0.0,    0.057572,  0.002205,    0.010611,    0.062842,   0.004053,  0.7760,    0.005253, -0.000011,  0.005414, -0.000005,   1.0,0.7760, 0.0, 1.0,   6.108625e-04, 2.339964e-05, 2.339964e-05, 1.786720e-06,  5.756955e-04, 2.205254e-05, 2.205254e-05, 1.735118e-06,   8.158859e-09, 2.102799e-08, 2.102799e-08, 5.419584e-08,   0.301088, 0.776000,   1.0, 0.0,    0.057570,  0.002205,    0.010611,    0.008057,   0.002804,  
 0,shunt_unit,1766352244.8870, 0, 0,     0.039478,   0.057897,   0.004028,   0.005331,   0.558397,   0.831396,   0.781610,   2.588159,   2.746902,   2.745976,  0.7640,    0.059022, -0.000000,  0.057897, -0.000043,   1.0,0.7640, 0.0, 1.0,   6.104422e-04, 2.339936e-05, 2.339936e-05, 1.787740e-06,  5.753221e-04, 2.205314e-05, 2.205314e-05, 1.736137e-06,   7.665773e-09, 2.006747e-08, 2.006747e-08, 5.253264e-08,   0.291848, 0.764000,   1.0, 0.0,    0.057532,  0.002205,    0.010610,    0.039478,  -0.019544,  0.7650,    0.005410, -0.000005,  0.005331, -0.000008,   1.0,0.7650, 0.0, 1.0,   6.104590e-04, 2.340005e-05, 2.340005e-05, 1.787788e-06,  5.753370e-04, 2.205376e-05, 2.205376e-05, 1.736182e-06,   7.705987e-09, 2.014637e-08, 2.014637e-08, 5.267025e-08,   0.292612, 0.765000,   1.0, 0.0,    0.057534,  0.002205,    0.010610,    0.004028,  -0.001382,  
 0,shunt_unit,1766352245.6550, 0, 0,     0.058008,   0.057872,  -0.005640,   0.004694,   0.782950,   0.804041,   0.781306,   1.416589,   2.748143,   2.668788,  0.7690,    0.057864, -0.000043,  0.057872, -0.000043,   1.0,0.7690, 0.0, 1.0,   6.102744e-04, 2.340870e-05, 2.340870e-05, 1.789359e-06,  5.751731e-04, 2.206229e-05, 2.206229e-05, 1.737714e-06,   7.868426e-09, 2.046405e-08, 2.046405e-08, 5.322249e-08,   0.295681, 0.769000,   1.0, 0.0,    0.057517,  0.002206,    0.010610,    0.058008,   0.000144,  0.7680,    0.005324, -0.000008,  0.004694, -0.000032,   1.0,0.7680, 0.0, 1.0,   6.102435e-04, 2.340753e-05, 2.340753e-05, 1.789266e-06,  5.751456e-04, 2.206126e-05, 2.206126e-05, 1.737627e-06,   7.827578e-09, 2.038432e-08, 2.038432e-08, 5.308416e-08,   0.294912, 0.768000,   1.0, 0.0,    0.057515,  0.002206,    0.010610,   -0.005640,  -0.010964,  
 0,shunt_unit,1766352246.4280, 0, 0,     0.068481,   0.058451,   0.015308,   0.005281,   0.909871,   0.811797,   0.788320,   3.955010,   2.753044,   2.739903,  0.7720,    0.057839, -0.000043,  0.058451, -0.000020,   1.0,0.7720, 0.0, 1.0,   6.102809e-04, 2.342451e-05, 2.342451e-05, 1.791353e-06,  5.751788e-04, 2.207718e-05, 2.207718e-05, 1.739638e-06,   7.991931e-09, 2.070448e-08, 2.070448e-08, 5.363856e-08,   0.297992, 0.772000,   1.0, 0.0,    0.057518,  0.002208,    0.010610,    0.068481,   0.010643,  0.7730,    0.004669, -0.000032,  0.005281, -0.000009,   1.0,0.7730, 0.0, 1.0,   6.102986e-04, 2.342523e-05, 2.342523e-05, 1.791404e-06,  5.751946e-04, 2.207782e-05, 2.207782e-05, 1.739686e-06,   8.033420e-09, 2.078505e-08, 2.078505e-08, 5.377761e-08,   0.298764, 0.773000,   1.0, 0.0,    0.057519,  0.002208,    0.010610,    0.015308,   0.010639,  
 0,shunt_unit,1766352247.1990, 0, 0,     0.067676,   0.058967,   0.014502,   0.005804,   0.900108,   0.828146,   0.794577,   3.857370,   2.774510,   2.803384,  0.7720,    0.058436, -0.000020,  0.058967,  0.000001,   1.0,0.7720, 0.0, 1.0,   6.103108e-04, 2.344089e-05, 2.344089e-05, 1.793277e-06,  5.752054e-04, 2.209256e-05, 2.209256e-05, 1.741490e-06,   7.991931e-09, 2.070448e-08, 2.070448e-08, 5.363856e-08,   0.297992, 0.772000,   1.0, 0.0,    0.057521,  0.002209,    0.010610,    0.067676,   0.009240,  0.7710,    0.005274, -0.000009,  0.005804,  0.000011,   1.0,0.7710, 0.0, 1.0,   6.102806e-04, 2.343974e-05, 2.343974e-05, 1.793186e-06,  5.751786e-04, 2.209154e-05, 2.209154e-05, 1.741404e-06,   7.950602e-09, 2.062413e-08, 2.062413e-08, 5.349969e-08,   0.297220, 0.771000,   1.0, 0.0,    0.057518,  0.002209,    0.010610,    0.014502,   0.009228,  
